name,size,type,alignment,ac,hp,move,str,dex,con,int,wis,cha,challenge,saves,total_save_bonus,skills,senses,languages,damage_vulnerabilities,damage_resistances,damage_immunities,condition_immunities
Aboleth,Large,aberration,lawful evil,17,135,"10 ft., swim 40 ft.",21.0,9.0,15.0,18.0,15.0,18.0,10.0,"CON +6, INT +8, WIS +6",20.0,"History +12, Perception +10","Darkvision 120 ft.,  Passive Perception 20","Deep Speech, Telepathy 120 ft.",,,,
Acolyte,Medium,humanoid,any alignment,10,9,30 ft.,10.0,10.0,10.0,10.0,14.0,11.0,0.25,,,"Medicine +4, Religion +2",Passive Perception 12,Any one language (usually Common),,,,
Adult Black Dragon,Huge,dragon,chaotic evil,19,195,"40 ft., fly 80 ft., swim 40 ft.",23.0,14.0,21.0,14.0,13.0,17.0,14.0,"DEX +7, CON +10, WIS +6, CHA +8",22.0,"Perception +11, Stealth +7","Blindsight 60 ft., Darkvision 120 ft.,  Passive Perception 21","Common, Draconic",,,Acid,
Adult Blue Dragon,Huge,dragon,lawful evil,19,225,"40 ft., burrow 30 ft., fly 80 ft.",25.0,10.0,23.0,16.0,15.0,19.0,16.0,"DEX +5, CON +11, WIS +7, CHA +9",23.0,"Perception +12, Stealth +5","Blindsight 60 ft., Darkvision 120 ft.,  Passive Perception 22","Common, Draconic",,,Lightning,
Adult Brass Dragon,Huge,dragon,chaotic good,18,172,"40 ft., burrow 30 ft., fly 80 ft.",23.0,10.0,21.0,14.0,13.0,17.0,13.0,"DEX +5, CON +10, WIS +6, CHA +8",20.0,"History +7, Perception +11, Persuasion +8, Stealth +5","Blindsight 60 ft., Darkvision 120 ft.,  Passive Perception 21","Common, Draconic",,,Fire,
Adult Bronze Dragon,Huge,dragon,lawful good,19,212,"40 ft., fly 80 ft., swim 40 ft.",25.0,10.0,23.0,16.0,15.0,19.0,15.0,"DEX +5, CON +11, WIS +7, CHA +9",23.0,"Insight +7, Perception +12, Stealth +5","Blindsight 60 ft., Darkvision 120 ft.,  Passive Perception 22","Common, Draconic",,,Lightning,
Adult Copper Dragon,Huge,dragon,chaotic good,18,184,"40 ft., climb 40 ft., fly 80 ft.",23.0,12.0,21.0,18.0,15.0,17.0,14.0,"DEX +6, CON +10, WIS +7, CHA +8",22.0,"Deception +8, Perception +12, Stealth +6","Blindsight 60 ft., Darkvision 120 ft.,  Passive Perception 22","Common, Draconic",,,Acid,
Adult Gold Dragon,Huge,dragon,lawful good,19,256,"40 ft., fly 80 ft., swim 40 ft.",27.0,14.0,25.0,16.0,15.0,24.0,17.0,"DEX +8, CON +13, WIS +8, CHA +13",24.0,"Insight +8, Perception +14, Persuasion +13, Stealth +8","Blindsight 60 ft., Darkvision 120 ft.,  Passive Perception 24","Common, Draconic",,,Fire,
Adult Green Dragon,Huge,dragon,lawful evil,19,207,"40 ft., fly 80 ft., swim 40 ft.",23.0,12.0,21.0,18.0,15.0,17.0,15.0,"DEX +6, CON +10, WIS +7, CHA +8",22.0,"Deception +8, Insight +7, Perception +12, Persuasion +8, Stealth +6","Blindsight 60 ft., Darkvision 120 ft.,  Passive Perception 22","Common, Draconic",,,Poison,Poisoned
Adult Red Dragon,Huge,dragon,chaotic evil,19,256,"40 ft., climb 40 ft., fly 80 ft.",27.0,10.0,25.0,16.0,13.0,21.0,17.0,"DEX +6, CON +13, WIS +7, CHA +11",19.0,"Perception +13, Stealth +6","Blindsight 60 ft., Darkvision 120 ft.,  Passive Perception 23","Common, Draconic",,,Fire,
Adult Silver Dragon,Huge,dragon,lawful good,19,243,"40 ft., fly 80 ft.",27.0,10.0,25.0,16.0,13.0,21.0,16.0,"DEX +5, CON +12, WIS +6, CHA +10",15.0,"Arcana +8, History +8, Perception +11, Stealth +5","Blindsight 60 ft., Darkvision 120 ft.,  Passive Perception 21","Common, Draconic",,,Cold,
Adult White Dragon,Huge,dragon,chaotic evil,18,200,"40 ft., burrow 30 ft., fly 80 ft., swim 40 ft.",22.0,10.0,22.0,8.0,12.0,12.0,13.0,"DEX +5, CON +11, WIS +6, CHA +6",19.0,"Perception +11, Stealth +5","Blindsight 60 ft., Darkvision 120 ft.,  Passive Perception 21","Common, Draconic",,,Cold,
Air Elemental,Large,elemental,neutral,15,90,"0 ft., fly 90 ft. (hover)",14.0,20.0,14.0,6.0,10.0,6.0,5.0,,,,"Darkvision 60 ft.,  Passive Perception 10",Auran,,"Lightning, Thunder; Bludgeoning, Piercing, and Slashing from Nonmagical Attacks",Poison,"Exhaustion, Grappled, Paralyzed, Petrified, Poisoned, Prone, Restrained, Unconscious"
Allosaurus,Large,beast,unaligned,13,51,60 ft.,19.0,13.0,17.0,2.0,12.0,5.0,2.0,,,Perception +5,Passive Perception 15,--,,,,
Ancient Black Dragon,Gargantuan,dragon,chaotic evil,22,367,"40 ft., fly 80 ft., swim 40 ft.",27.0,14.0,25.0,16.0,15.0,19.0,21.0,"DEX +9, CON +14, WIS +9, CHA +11",25.0,"Perception +16, Stealth +9","Blindsight 60 ft., Darkvision 120 ft.,  Passive Perception 26","Common, Draconic",,,Acid,
Ancient Blue Dragon,Gargantuan,dragon,lawful evil,22,481,"40 ft., burrow 40 ft., fly 80 ft.",29.0,10.0,27.0,18.0,17.0,21.0,23.0,"DEX +7, CON +15, WIS +10, CHA +12",17.0,"Perception +17, Stealth +7","Blindsight 60 ft., Darkvision 120 ft.,  Passive Perception 27","Common, Draconic",,,Lightning,
Ancient Brass Dragon,Gargantuan,dragon,chaotic good,20,297,"40 ft., burrow 40 ft., fly 80 ft.",27.0,10.0,25.0,16.0,15.0,19.0,20.0,"DEX +6, CON +13, WIS +8, CHA +10",19.0,"History +9, Perception +14, Persuasion +10, Stealth +6","Blindsight 60 ft., Darkvision 120 ft.,  Passive Perception 24","Common, Draconic",,,Fire,
Ancient Bronze Dragon,Gargantuan,dragon,lawful good,22,444,"40 ft., fly 80 ft., swim 40 ft.",29.0,10.0,27.0,18.0,17.0,21.0,22.0,"DEX +7, CON +15, WIS +10, CHA +12",17.0,"Insight +10, Perception +17, Stealth +7","Blindsight 60 ft., Darkvision 120 ft.,  Passive Perception 27","Common, Draconic",,,Lightning,
Ancient Copper Dragon,Gargantuan,dragon,chaotic good,21,350,"40 ft., climb 40 ft., fly 80 ft.",27.0,12.0,25.0,20.0,17.0,19.0,21.0,"DEX +8, CON +14, WIS +10, CHA +11",16.0,"Deception +11, Perception +17, Stealth +8","Blindsight 60 ft., Darkvision 120 ft.,  Passive Perception 27","Common, Draconic",,,Acid,
Ancient Gold Dragon,Gargantuan,dragon,lawful good,22,546,"40 ft., fly 80 ft., swim 40 ft.",30.0,14.0,29.0,18.0,17.0,28.0,24.0,"DEX +9, CON +16, WIS +10, CHA +16",24.0,"Insight +10, Perception +17, Persuasion +16, Stealth +9","Blindsight 60 ft., Darkvision 120 ft.,  Passive Perception 27","Common, Draconic",,,Fire,
Ancient Green Dragon,Gargantuan,dragon,lawful evil,21,385,"40 ft., fly 80 ft., swim 40 ft.",27.0,12.0,25.0,20.0,17.0,19.0,22.0,"DEX +8, CON +14, WIS +10, CHA +11",16.0,"Deception +11, Insight +10, Perception +17, Persuasion +11, Stealth +8","Blindsight 60 ft., Darkvision 120 ft.,  Passive Perception 27","Common, Draconic",,,Poison,Poisoned
Ancient Red Dragon,Gargantuan,dragon,chaotic evil,22,546,"40 ft., climb 40 ft., fly 80 ft.",30.0,10.0,29.0,18.0,15.0,23.0,24.0,"DEX +7, CON +16, WIS +9, CHA +13",27.0,"Perception +16, Stealth +7","Blindsight 60 ft., Darkvision 120 ft.,  Passive Perception 26","Common, Draconic",,,Fire,
Ancient Silver Dragon,Gargantuan,dragon,lawful good,22,487,"40 ft., fly 80 ft.",30.0,10.0,29.0,18.0,15.0,23.0,23.0,"DEX +7, CON +16, WIS +9, CHA +13",27.0,"Arcana +11, History +11, Perception +16, Stealth +7","Blindsight 60 ft., Darkvision 120 ft.,  Passive Perception 26","Common, Draconic",,,Cold,
Ancient White Dragon,Gargantuan,dragon,chaotic evil,20,333,"40 ft., burrow 40 ft., fly 80 ft., swim 40 ft.",26.0,10.0,26.0,10.0,13.0,14.0,20.0,"DEX +6, CON +14, WIS +7, CHA +8",26.0,"Perception +13, Stealth +6","Blindsight 60 ft., Darkvision 120 ft.,  Passive Perception 23","Common, Draconic",,,Cold,
Androsphinx,Large,monstrosity,lawful neutral,17,199,"40 ft., fly 60 ft.",22.0,10.0,20.0,16.0,18.0,23.0,17.0,"DEX +6, CON +11, INT +9, WIS +10",18.0,"Arcana +9, Perception +10, Religion +15","Truesight 120 ft.,  Passive Perception 20","Common, Sphinx",,,"Psychic; Bludgeoning, Piercing, and Slashing from Nonmagical Attacks","Charmed, Frightened"
Animated Armor,Medium,construct,unaligned,18,33,25 ft.,14.0,11.0,13.0,1.0,3.0,1.0,1.0,,,,"Blindsight 60 ft. (blind beyond this radius),  Passive Perception 6",--,,,"Poison, Psychic","Blinded, Charmed, Deafened, Exhaustion, Frightened, Paralyzed, Petrified, Poisoned"
Ankheg,Large,monstrosity,unaligned,14,39,"30 ft., burrow 10 ft.",17.0,11.0,13.0,1.0,13.0,6.0,2.0,,,,"Darkvision 60 ft., Tremorsense 60 ft.,  Passive Perception 11",--,,,,
Ankylosaurus,Huge,beast,unaligned,15,68,30 ft.,19.0,11.0,15.0,2.0,12.0,5.0,3.0,,,,Passive Perception 11,--,,,,
Ape,Medium,beast,unaligned,12,19,"30 ft., climb 30 ft.",16.0,14.0,14.0,6.0,12.0,7.0,0.5,,,"Athletics +5, Perception +3",Passive Perception 13,--,,,,
Archmage,Medium,humanoid,any alignment,12,99,30 ft.,10.0,14.0,12.0,20.0,15.0,16.0,12.0,"INT +9, WIS +6",15.0,"Arcana +13, History +13",Passive Perception 12,Any six languages,,"Damage from Spells; Nonmagical Bludgeoning, Piercing, and Slashing (from Stoneskin)",,
Assassin,Medium,humanoid,any non-good alignment,15,78,30 ft.,11.0,16.0,14.0,13.0,11.0,10.0,8.0,"DEX +6, INT +4",10.0,"Acrobatics +6, Deception +3, Perception +3, Stealth +9",Passive Perception 13,Thieves' cant plus any two languages,,Poison,,
Awakened Shrub,Small,plant,unaligned,9,10,20 ft.,3.0,8.0,11.0,10.0,10.0,6.0,0.0,,,,Passive Perception 10,One language known by its creator,Fire,Piercing,,
Awakened Tree,Huge,plant,unaligned,13,59,20 ft.,19.0,6.0,15.0,10.0,10.0,7.0,2.0,,,,Passive Perception 10,One language known by its creator,Fire,"Bludgeoning, Piercing",,
Axe Beak,Large,beast,unaligned,11,19,50 ft.,14.0,12.0,12.0,2.0,10.0,5.0,0.25,,,,Passive Perception 10,--,,,,
Azer,Medium,elemental,lawful neutral,17,39,30 ft.,17.0,12.0,15.0,12.0,13.0,10.0,2.0,CON +4,4.0,,Passive Perception 11,Ignan,,,"Fire, Poison",Poisoned
Baboon,Small,beast,unaligned,12,3,"30 ft., climb 30 ft.",8.0,14.0,11.0,4.0,12.0,6.0,0.0,,,,Passive Perception 11,--,,,,
Badger,Tiny,beast,unaligned,10,3,"20 ft., burrow 5 ft.",4.0,11.0,12.0,2.0,12.0,5.0,0.0,,,,"Darkvision 30 ft.,  Passive Perception 11",--,,,,
Balor,Huge,fiend,chaotic evil,19,262,"40 ft., fly 80 ft.",26.0,15.0,22.0,20.0,16.0,22.0,19.0,"STR +14, CON +12, WIS +9, CHA +12",20.0,,"Truesight 120 ft.,  Passive Perception 13","Abyssal, Telepathy 120 ft.",,"Cold, Lightning; Bludgeoning, Piercing, and Slashing from Nonmagical Attacks","Fire, Poison",Poisoned
Bandit,Medium,humanoid,any non-lawful alignment,12,11,30 ft.,11.0,12.0,12.0,10.0,10.0,10.0,0.125,,,,Passive Perception 10,Any one language (usually Common),,,,
Bandit Captain,Medium,humanoid,any non-lawful alignment,15,65,30 ft.,15.0,16.0,14.0,14.0,11.0,14.0,2.0,"STR +4, DEX +5, WIS +2",11.0,"Athletics +4, Deception +4",Passive Perception 10,Any two languages,,,,
Banshee,Medium,undead,chaotic evil,12,58,"0 ft., fly 40 ft. (hover)",1.0,14.0,10.0,12.0,11.0,17.0,4.0,"WIS +2, CHA +5",7.0,,"Darkvision 60 ft.,  Passive Perception 10","Common, Elvish",,"Acid, Fire, Lightning, Thunder; Bludgeoning, Piercing, and Slashing from Nonmagical Attacks","Cold, Necrotic, Poison","Charmed, Exhaustion, Frightened, Grappled, Paralyzed, Petrified, Poisoned, Prone, Restrained"
Barbed Devil,Medium,fiend,lawful evil,15,110,30 ft.,16.0,17.0,18.0,12.0,14.0,14.0,5.0,"STR +6, CON +7, WIS +5, CHA +5",23.0,"Deception +5, Insight +5, Perception +8","Darkvision 120 ft.,  Passive Perception 18","Infernal, Telepathy 120 ft.",,"Cold; Bludgeoning, Piercing, and Slashing from Nonmagical Attacks that aren't Silvered","Fire, Poison",Poisoned
Basilisk,Medium,monstrosity,unaligned,15,52,20 ft.,16.0,8.0,15.0,2.0,8.0,7.0,3.0,,,,"Darkvision 60 ft.,  Passive Perception 9",--,,,,
Bat,Tiny,beast,unaligned,12,1,"5 ft., fly 30 ft.",2.0,15.0,8.0,2.0,12.0,4.0,0.0,,,,"Blindsight 60 ft.,  Passive Perception 11",--,,,,
Bearded Devil,Medium,fiend,lawful evil,13,52,30 ft.,16.0,15.0,15.0,9.0,11.0,11.0,3.0,"STR +5, CON +4, WIS +2",11.0,,"Darkvision 120 ft.,  Passive Perception 10","Infernal, Telepathy 120 ft.",,"Cold; Bludgeoning, Piercing, and Slashing from Nonmagical Attacks that aren't Silvered","Fire, Poison",Poisoned
Behir,Huge,monstrosity,neutral evil,17,168,"50 ft., climb 40 ft.",23.0,16.0,18.0,7.0,14.0,12.0,11.0,,,"Perception +6, Stealth +7","Darkvision 90 ft.,  Passive Perception 16",Draconic,,,Lightning,
Berserker,Medium,humanoid,any chaotic alignment,13,67,30 ft.,16.0,12.0,17.0,9.0,11.0,9.0,2.0,,,,Passive Perception 10,Any one language (usually Common),,,,
Black Bear,Medium,beast,unaligned,11,19,"40 ft., climb 30 ft.",15.0,10.0,14.0,2.0,12.0,7.0,0.5,,,Perception +3,Passive Perception 13,--,,,,
Black Dragon Wyrmling,Medium,dragon,chaotic evil,17,33,"30 ft., fly 60 ft., swim 30 ft.",15.0,14.0,13.0,10.0,11.0,13.0,2.0,"DEX +4, CON +3, WIS +2, CHA +3",12.0,"Perception +4, Stealth +4","Blindsight 10 ft., Darkvision 60 ft.,  Passive Perception 14",Draconic,,,Acid,
Black Pudding,Large,ooze,unaligned,7,85,"20 ft., climb 20 ft.",16.0,5.0,16.0,1.0,6.0,1.0,4.0,,,,"Blindsight 60 ft. (blind beyond this radius),  Passive Perception 8",--,,,"Acid, Cold, Lightning, Slashing","Blinded, Charmed, Deafened, Exhaustion, Frightened, Prone"
Blink Dog,Medium,fey,lawful good,13,22,40 ft.,12.0,17.0,12.0,10.0,13.0,11.0,0.25,,,"Perception +3, Stealth +5",Passive Perception 13,"Blink Dog  , understands Sylvan but can't speak it",,,,
Blood Hawk,Small,beast,unaligned,12,7,"10 ft., fly 60 ft.",6.0,14.0,10.0,3.0,14.0,5.0,0.125,,,Perception +4,Passive Perception 14,--,,,,
Blue Dragon Wyrmling,Medium,dragon,lawful evil,17,52,"30 ft., burrow 15 ft., fly 60 ft.",17.0,10.0,15.0,12.0,11.0,15.0,3.0,"DEX +2, CON +4, WIS +2, CHA +4",12.0,"Perception +4, Stealth +2","Blindsight 10 ft., Darkvision 60 ft.,  Passive Perception 14",Draconic,,,Lightning,
Boar,Medium,beast,unaligned,11,11,40 ft.,13.0,11.0,12.0,2.0,9.0,5.0,0.25,,,,Passive Perception 9,--,,,,
Bone Devil,Large,fiend,lawful evil,19,142,"40 ft., fly 40 ft.",18.0,16.0,18.0,13.0,14.0,16.0,9.0,"INT +5, WIS +6, CHA +7",18.0,"Deception +7, Insight +6","Darkvision 120 ft.,  Passive Perception 12","Infernal, Telepathy 120 ft.",,"Cold; Bludgeoning, Piercing, and Slashing from Nonmagical Attacks that aren't Silvered","Fire, Poison",Poisoned
Brass Dragon Wyrmling,Medium,dragon,chaotic good,16,16,"30 ft., burrow 15 ft., fly 60 ft.",15.0,10.0,13.0,10.0,11.0,13.0,1.0,"DEX +2, CON +3, WIS +2, CHA +3",10.0,"Perception +4, Stealth +2","Blindsight 10 ft., Darkvision 60 ft.,  Passive Perception 14",Draconic,,,Fire,
Bronze Dragon Wyrmling,Medium,dragon,lawful good,17,32,"30 ft., fly 60 ft., swim 30 ft.",17.0,10.0,15.0,12.0,11.0,15.0,2.0,"DEX +2, CON +4, WIS +2, CHA +4",12.0,"Perception +4, Stealth +2","Blindsight 10 ft., Darkvision 60 ft.,  Passive Perception 14",Draconic,,,Lightning,
Brown Bear,Large,beast,unaligned,11,34,"40 ft., climb 30 ft.",19.0,10.0,16.0,2.0,13.0,7.0,1.0,,,Perception +3,Passive Perception 13,--,,,,
Bugbear,Medium,humanoid,chaotic evil,16,27,30 ft.,15.0,14.0,13.0,8.0,11.0,9.0,1.0,,,"Stealth +6, Survival +2","Darkvision 60 ft.,  Passive Perception 10","Common, Goblin",,,,
Bulette,Large,monstrosity,unaligned,17,94,"40 ft., burrow 40 ft.",19.0,11.0,21.0,2.0,10.0,5.0,5.0,,,Perception +6,"Darkvision 60 ft., Tremorsense 60 ft.,  Passive Perception 16",--,,,,
Camel,Large,beast,unaligned,9,15,50 ft.,16.0,8.0,14.0,2.0,8.0,5.0,0.125,,,,Passive Perception 9,--,,,,
Cat,Tiny,beast,unaligned,12,2,"40 ft., climb 30 ft.",3.0,15.0,10.0,3.0,12.0,7.0,0.0,,,"Perception +3, Stealth +4",Passive Perception 13,--,,,,
Centaur,Large,monstrosity,neutral good,12,45,50 ft.,18.0,14.0,14.0,9.0,13.0,11.0,2.0,,,"Athletics +6, Perception +3, Survival +3",Passive Perception 13,"Elvish, Sylvan",,,,
Chain Devil,Medium,fiend,lawful evil,16,85,30 ft.,18.0,15.0,18.0,11.0,12.0,14.0,8.0,"CON +7, WIS +4, CHA +5",16.0,,"Darkvision 120 ft.,  Passive Perception 11","Infernal, Telepathy 120 ft.",,"Cold; Bludgeoning, Piercing, and Slashing from Nonmagical Attacks that aren't Silvered","Fire, Poison",Poisoned
Chimera,Large,monstrosity,chaotic evil,14,114,"30 ft., fly 60 ft.",19.0,11.0,19.0,3.0,14.0,10.0,6.0,,,Perception +8,"Darkvision 60 ft.,  Passive Perception 18",Understands Draconic but can't speak  it,,,,
Chuul,Large,aberration,chaotic evil,16,93,"30 ft., swim 30 ft.",19.0,10.0,16.0,5.0,11.0,5.0,4.0,,,Perception +4,"Darkvision 60 ft.,  Passive Perception 14",Understands Deep Speech but can't speak,,,Poison,Poisoned
Clay Golem,Large,construct,unaligned,14,133,20 ft.,20.0,9.0,18.0,3.0,8.0,1.0,9.0,,,,"Darkvision 60 ft.,  Passive Perception 9",Understands the languages of its creator but can't speak,,,"Acid, Poison, Psychic; Bludgeoning, Piercing, and Slashing from Nonmagical Attacks that aren't Adamantine","Charmed, Exhaustion, Frightened, Paralyzed, Petrified, Poisoned"
Cloaker,Large,aberration,chaotic neutral,14,78,"10 ft., fly 40 ft.",17.0,15.0,12.0,13.0,12.0,14.0,8.0,,,Stealth +5,"Darkvision 60 ft.,  Passive Perception 11","Deep Speech, Undercommon",,,,
Cloud Giant,Huge,giant,neutral,14,200,40 ft.,27.0,10.0,22.0,12.0,16.0,16.0,9.0,"CON +10, WIS +7, CHA +7",15.0,"Insight +7, Perception +7",Passive Perception 17,"Common, Giant",,,,
Cockatrice,Small,monstrosity,unaligned,11,27,"20 ft., fly 40 ft.",6.0,12.0,12.0,2.0,13.0,5.0,0.5,,,,"Darkvision 60 ft.,  Passive Perception 11",--,,,,
Commoner,Medium,humanoid,any alignment,10,4,30 ft.,10.0,10.0,10.0,10.0,10.0,10.0,0.0,,,,Passive Perception 10,Any one language (usually Common),,,,
Constrictor Snake,Large,beast,unaligned,12,13,"30 ft., swim 30 ft.",15.0,14.0,12.0,1.0,10.0,3.0,0.25,,,,"Blindsight 10 ft.,  Passive Perception 10",--,,,,
Copper Dragon Wyrmling,Medium,dragon,chaotic good,16,22,"30 ft., climb 30 ft., fly 60 ft.",15.0,12.0,13.0,14.0,11.0,13.0,1.0,"DEX +3, CON +3, WIS +2, CHA +3",11.0,"Perception +4, Stealth +3","Blindsight 10 ft., Darkvision 60 ft.,  Passive Perception 14",Draconic,,,Acid,
Couatl,Medium,celestial,lawful good,19,97,"30 ft., fly 90 ft.",16.0,20.0,17.0,18.0,20.0,18.0,4.0,"CON +5, WIS +7, CHA +6",18.0,,"Truesight 120 ft.,  Passive Perception 15","All, Telepathy 120 ft.",,Radiant,"Psychic; Bludgeoning, Piercing, and Slashing from Nonmagical Attacks",
Crab,Tiny,beast,unaligned,11,2,"20 ft., swim 20 ft.",2.0,11.0,10.0,1.0,8.0,2.0,0.0,,,Stealth +2,"Blindsight 30 ft.,  Passive Perception 9",--,,,,
Crocodile,Large,beast,unaligned,12,19,"20 ft., swim 30 ft.",15.0,10.0,13.0,2.0,10.0,5.0,0.5,,,Stealth +2,Passive Perception 10,--,,,,
Cult Fanatic,Medium,humanoid,any non-good alignment,13,33,30 ft.,11.0,14.0,12.0,10.0,13.0,14.0,2.0,,,"Deception +4, Persuasion +4, Religion +2",Passive Perception 11,Any one language (usually Common),,,,
Cultist,Medium,humanoid,any non-good alignment,12,9,30 ft.,11.0,12.0,10.0,10.0,11.0,10.0,0.125,,,"Deception +2, Religion +2",Passive Perception 10,Any one language (usually Common),,,,
Cyclops,Huge,giant,chaotic neutral,14,138,30 ft.,22.0,11.0,20.0,8.0,6.0,10.0,6.0,,,,Passive Perception 8,Giant,,,,
Darkmantle,Small,monstrosity,unaligned,11,22,"10 ft., fly 30 ft.",16.0,12.0,13.0,2.0,10.0,5.0,0.5,,,Stealth +3,"Blindsight 60 ft.,  Passive Perception 10",--,,,,
Death Dog,Medium,monstrosity,neutral evil,12,39,40 ft.,15.0,14.0,14.0,3.0,13.0,6.0,1.0,,,"Perception +5, Stealth +4","Darkvision 120 ft.,  Passive Perception 15",--,,,,
Deep Gnome (Svirfneblin),Small,humanoid,neutral good,15,16,20 ft.,15.0,14.0,14.0,12.0,10.0,9.0,0.5,,,"Investigation +3, Perception +2, Stealth +4","Darkvision 120 ft.,  Passive Perception 12","Gnomish, Terran, Undercommon",,,,
Deer,Medium,beast,unaligned,13,4,50 ft.,11.0,16.0,11.0,2.0,14.0,5.0,0.0,,,,Passive Perception 12,--,,,,
Deva,Medium,celestial,lawful good,17,136,"30 ft., fly 90 ft.",18.0,18.0,18.0,17.0,20.0,20.0,10.0,"WIS +9, CHA +9",18.0,"Insight +9, Perception +9","Darkvision 120 ft.,  Passive Perception 19","All, Telepathy 120 ft.",,"Radiant; Bludgeoning, Piercing, and Slashing from Nonmagical Attacks",,"Charmed, Exhaustion, Frightened"
Dire Wolf,Large,beast,unaligned,14,37,50 ft.,17.0,15.0,15.0,3.0,12.0,7.0,1.0,,,"Perception +3, Stealth +4",Passive Perception 13,--,,,,
Diseased Giant Rat,Small,beast,unaligned,12,7,30 ft.,7.0,15.0,11.0,2.0,10.0,4.0,0.125,,,,"Darkvision 60 ft.,  Passive Perception 10",--,,,,
Djinni,Large,elemental,chaotic good,17,161,"30 ft., fly 90 ft.",21.0,15.0,22.0,15.0,16.0,20.0,11.0,"DEX +6, WIS +7, CHA +9",22.0,,"Darkvision 120 ft.,  Passive Perception 13",Auran,,,"Lightning, Thunder",
Doppelganger,Medium,monstrosity,neutral,14,52,30 ft.,11.0,18.0,14.0,11.0,12.0,14.0,3.0,,,"Deception +6, Insight +3","Darkvision 60 ft.,  Passive Perception 11",Common,,,,Charmed
Draft Horse,Large,beast,unaligned,10,19,40 ft.,18.0,10.0,12.0,2.0,11.0,7.0,0.25,,,,Passive Perception 10,--,,,,
Dragon Turtle,Gargantuan,dragon,neutral,20,341,"20 ft., swim 40 ft.",25.0,10.0,20.0,10.0,12.0,12.0,17.0,"DEX +6, CON +11, WIS +7",15.0,,"Darkvision 120 ft.,  Passive Perception 11","Aquan, Draconic",,Fire,,
Dretch,Small,fiend,chaotic evil,11,18,20 ft.,11.0,11.0,12.0,5.0,8.0,3.0,0.25,,,,"Darkvision 60 ft.,  Passive Perception 9","Abyssal, Telepathy 60 ft.",,"Cold, Fire, Lightning",Poison,Poisoned
Drider,Large,monstrosity,chaotic evil,19,123,"30 ft., climb 30 ft.",16.0,16.0,18.0,13.0,14.0,12.0,6.0,,,"Perception +5, Stealth +9","Darkvision 120 ft.,  Passive Perception 15","Elvish, Undercommon",,,,
Drow,Medium,humanoid,neutral evil,15,13,30 ft.,10.0,14.0,10.0,11.0,11.0,12.0,0.25,,,"Perception +2, Stealth +4","Darkvision 120 ft.,  Passive Perception 12","Elvish, Undercommon",,,,
Druid,Medium,humanoid,any alignment,11,27,30 ft.,10.0,12.0,13.0,12.0,15.0,11.0,2.0,,,"Medicine +4, Nature +3, Perception +4",Passive Perception 14,Druidic plus any two languages,,,,
Dryad,Medium,fey,neutral,11,22,30 ft.,10.0,12.0,11.0,14.0,15.0,18.0,1.0,,,"Perception +4, Stealth +5","Darkvision 60 ft.,  Passive Perception 14","Elvish, Sylvan",,,,
Duergar,Medium,humanoid,lawful evil,16,26,25 ft.,14.0,11.0,14.0,11.0,10.0,9.0,1.0,,,,"Darkvision 120 ft.,  Passive Perception 10","Dwarvish, Undercommon",,Poison,,
Dust Mephit,Small,elemental,neutral evil,12,17,"30 ft., fly 30 ft.",5.0,14.0,10.0,9.0,11.0,10.0,0.5,,,"Perception +2, Stealth +4","Darkvision 60 ft.,  Passive Perception 12","Auran, Terran",Fire,,Poison,Poisoned
Eagle,Small,beast,unaligned,12,3,"10 ft., fly 60 ft.",6.0,15.0,10.0,2.0,14.0,7.0,0.0,,,Perception +4,Passive Perception 14,--,,,,
Earth Elemental,Large,elemental,neutral,17,126,"30 ft., burrow 30 ft.",20.0,8.0,20.0,5.0,10.0,5.0,5.0,,,,"Darkvision 60 ft., Tremorsense 60 ft.,  Passive Perception 10",Terran,Thunder,"Bludgeoning, Piercing, and Slashing from Nonmagical Attacks",Poison,"Exhaustion, Paralyzed, Petrified, Poisoned, Unconscious"
Efreeti,Large,elemental,lawful evil,17,200,"40 ft., fly 60 ft.",22.0,12.0,24.0,16.0,15.0,16.0,11.0,"INT +7, WIS +6, CHA +7",20.0,,"Darkvision 120 ft.,  Passive Perception 12",Ignan,,,Fire,
Elephant,Huge,beast,unaligned,12,76,40 ft.,22.0,9.0,17.0,3.0,11.0,6.0,4.0,,,,Passive Perception 10,--,,,,
Elk,Large,beast,unaligned,10,13,50 ft.,16.0,10.0,12.0,2.0,10.0,6.0,0.25,,,,Passive Perception 10,--,,,,
Erinyes,Medium,fiend,lawful evil,18,153,"30 ft., fly 60 ft.",18.0,16.0,18.0,14.0,14.0,18.0,12.0,"DEX +7, CON +8, WIS +6, CHA +8",29.0,,"Truesight 120 ft.,  Passive Perception 12","Infernal, Telepathy 120 ft.",,"Cold; Bludgeoning, Piercing, and Slashing from Nonmagical Attacks that aren't Silvered","Fire, Poison",Poisoned
Ettercap,Medium,monstrosity,neutral evil,13,44,"30 ft., climb 30 ft.",14.0,15.0,13.0,7.0,12.0,8.0,2.0,,,"Perception +3, Stealth +4, Survival +3","Darkvision 60 ft.,  Passive Perception 13",--,,,,
Ettin,Large,giant,chaotic evil,12,85,40 ft.,21.0,8.0,17.0,6.0,10.0,8.0,4.0,,,Perception +4,"Darkvision 60 ft.,  Passive Perception 14","Giant, Orc",,,,
Fire Elemental,Large,elemental,neutral,13,102,50 ft.,10.0,17.0,16.0,6.0,10.0,7.0,5.0,,,,"Darkvision 60 ft.,  Passive Perception 10",Ignan,,"Bludgeoning, Piercing, and Slashing from Nonmagical Attacks","Fire, Poison","Exhaustion, Grappled, Paralyzed, Petrified, Poisoned, Prone, Restrained, Unconscious"
Fire Giant,Huge,giant,lawful evil,18,162,30 ft.,25.0,9.0,23.0,10.0,14.0,13.0,9.0,"DEX +3, CON +10, CHA +5",9.0,"Athletics +11, Perception +6",Passive Perception 16,Giant,,,Fire,
Flameskull,Tiny,undead,neutral evil,13,40,"0 ft., fly 40 ft. (hover)",1.0,17.0,14.0,16.0,10.0,11.0,4.0,,,"Arcana +5, Perception +2","Darkvision 60 ft.,  Passive Perception 12",Common,,"Lightning, Necrotic, Piercing","Cold, Fire, Poison","Charmed, Frightened, Paralyzed, Poisoned, Prone"
Flesh Golem,Medium,construct,neutral,9,93,30 ft.,19.0,9.0,18.0,6.0,10.0,5.0,5.0,,,,"Darkvision 60 ft.,  Passive Perception 10",Understands the languages of its creator but can't speak,,,"Lightning, Poison; Bludgeoning, Piercing, and Slashing from Nonmagical Attacks that aren't Adamantine","Charmed, Exhaustion, Frightened, Paralyzed, Petrified, Poisoned"
Flying Snake,Tiny,beast,unaligned,14,5,"30 ft., fly 60 ft., swim 30 ft.",4.0,18.0,11.0,2.0,12.0,5.0,0.125,,,,"Blindsight 10 ft.,  Passive Perception 11",--,,,,
Flying Sword,Small,construct,unaligned,17,17,"0 ft., fly 50 ft. (hover)",12.0,15.0,11.0,1.0,5.0,1.0,0.25,DEX +4,4.0,,"Blindsight 60 ft. (blind beyond this radius),  Passive Perception 7",--,,,"Poison, Psychic","Blinded, Charmed, Deafened, Frightened, Paralyzed, Petrified, Poisoned"
Frog,Tiny,beast,unaligned,11,1,"20 ft., swim 20 ft.",1.0,13.0,8.0,1.0,8.0,3.0,0.0,,,"Perception +1, Stealth +3","Darkvision 30 ft.,  Passive Perception 11",--,,,,
Frost Giant,Huge,giant,neutral evil,15,138,40 ft.,23.0,9.0,21.0,9.0,10.0,12.0,8.0,"CON +8, WIS +3, CHA +4",15.0,"Athletics +9, Perception +3",Passive Perception 13,Giant,,,Cold,
Gargoyle,Medium,elemental,chaotic evil,15,52,"30 ft., fly 60 ft.",15.0,11.0,16.0,6.0,11.0,7.0,2.0,,,,"Darkvision 60 ft.,  Passive Perception 10",Terran,,"Bludgeoning, Piercing, and Slashing from Nonmagical Attacks that aren't Adamantine",Poison,"Exhaustion, Petrified, Poisoned"
Gelatinous Cube,Large,ooze,unaligned,6,84,15 ft.,14.0,3.0,20.0,1.0,6.0,1.0,2.0,,,,"Blindsight 60 ft. (blind beyond this radius),  Passive Perception 8",--,,,,"Blinded, Charmed, Deafened, Exhaustion, Frightened, Prone"
Ghast,Medium,undead,chaotic evil,13,36,30 ft.,16.0,17.0,10.0,11.0,10.0,8.0,2.0,,,,"Darkvision 60 ft.,  Passive Perception 10",Common,,Necrotic,Poison,"Charmed, Exhaustion, Poisoned"
Ghost,Medium,undead,any alignment,11,45,"0 ft., fly 40 ft. (hover)",7.0,13.0,10.0,10.0,12.0,17.0,4.0,,,,"Darkvision 60 ft.,  Passive Perception 11",Any languages it knew in life,,"Acid, Fire, Lightning, Thunder; Bludgeoning, Piercing, and Slashing from Nonmagical Attacks","Cold, Necrotic, Poison","Charmed, Exhaustion, Frightened, Grappled, Paralyzed, Petrified, Poisoned, Prone, Restrained"
Ghoul,Medium,undead,chaotic evil,12,22,30 ft.,13.0,15.0,10.0,7.0,10.0,6.0,1.0,,,,"Darkvision 60 ft.,  Passive Perception 10",Common,,,Poison,"Charmed, Exhaustion, Poisoned"
Giant Ape,Huge,beast,unaligned,12,157,"40 ft., climb 40 ft.",23.0,14.0,18.0,7.0,12.0,7.0,7.0,,,"Athletics +9, Perception +4",Passive Perception 14,--,,,,
Giant Badger,Medium,beast,unaligned,10,13,"30 ft., burrow 10 ft.",13.0,10.0,15.0,2.0,12.0,5.0,0.25,,,,"Darkvision 30 ft.,  Passive Perception 11",--,,,,
Giant Bat,Large,beast,unaligned,13,22,"10 ft., fly 60 ft.",15.0,16.0,11.0,2.0,12.0,6.0,0.25,,,,"Blindsight 60 ft.,  Passive Perception 11",--,,,,
Giant Boar,Large,beast,unaligned,12,42,40 ft.,17.0,10.0,16.0,2.0,7.0,5.0,2.0,,,,Passive Perception 8,--,,,,
Giant Centipede,Small,beast,unaligned,13,4,"30 ft., climb 30 ft.",5.0,14.0,12.0,1.0,7.0,3.0,0.25,,,,"Blindsight 30 ft.,  Passive Perception 8",--,,,,
Giant Constrictor Snake,Huge,beast,unaligned,12,60,"30 ft., swim 30 ft.",19.0,14.0,12.0,1.0,10.0,3.0,2.0,,,Perception +2,"Blindsight 10 ft.,  Passive Perception 12",--,,,,
Giant Crab,Medium,beast,unaligned,15,13,"30 ft., swim 30 ft.",13.0,15.0,11.0,1.0,9.0,3.0,0.125,,,Stealth +4,"Blindsight 30 ft.,  Passive Perception 9",--,,,,
Giant Crocodile,Huge,beast,unaligned,14,85,"30 ft., swim 50 ft.",21.0,9.0,17.0,2.0,10.0,7.0,5.0,,,Stealth +5,Passive Perception 10,--,,,,
Giant Eagle,Large,beast,neutral good,13,26,"10 ft., fly 80 ft.",16.0,17.0,13.0,8.0,14.0,10.0,1.0,,,Perception +4,Passive Perception 14,"Giant Eagle , understands Common and Auran but can't speak them",,,,
Giant Elk,Huge,beast,unaligned,14,42,60 ft.,19.0,16.0,14.0,7.0,14.0,10.0,2.0,,,Perception +4,Passive Perception 14,"Giant Elk , understands Common, Elvish, and Sylvan but can't speak them",,,,
Giant Fire Beetle,Small,beast,unaligned,13,4,30 ft.,8.0,10.0,12.0,1.0,7.0,3.0,0.0,,,,"Blindsight 30 ft.,  Passive Perception 8",--,,,,
Giant Frog,Medium,beast,unaligned,11,18,"30 ft., swim 30 ft.",12.0,13.0,11.0,2.0,10.0,3.0,0.25,,,"Perception +2, Stealth +3","Darkvision 30 ft.,  Passive Perception 12",--,,,,
Giant Goat,Large,beast,unaligned,11,19,40 ft.,17.0,11.0,12.0,3.0,12.0,6.0,0.5,,,,Passive Perception 11,--,,,,
Giant Hyena,Large,beast,unaligned,12,45,50 ft.,16.0,14.0,14.0,2.0,12.0,7.0,1.0,,,Perception +3,Passive Perception 13,--,,,,
Giant Lizard,Large,beast,unaligned,12,19,"30 ft., climb 30 ft.",15.0,12.0,13.0,2.0,10.0,5.0,0.25,,,,"Darkvision 30 ft.,  Passive Perception 10",--,,,,
Giant Octopus,Large,beast,unaligned,11,52,"10 ft., swim 60 ft.",17.0,13.0,13.0,4.0,10.0,4.0,1.0,,,"Perception +4, Stealth +5","Darkvision 60 ft.,  Passive Perception 14",--,,,,
Giant Owl,Large,beast,neutral,12,19,"5 ft., fly 60 ft.",13.0,15.0,12.0,8.0,13.0,10.0,0.25,,,"Perception +5, Stealth +4","Darkvision 120 ft.,  Passive Perception 15","Giant Owl , understands Common, Elvish, and Sylvan but canâ€™t speak them",,,,
Giant Poisonous Snake,Medium,beast,unaligned,14,11,"30 ft., swim 30 ft.",10.0,18.0,13.0,2.0,10.0,3.0,0.25,,,Perception +2,"Blindsight 10 ft.,  Passive Perception 12",--,,,,
Giant Rat,Small,beast,unaligned,12,7,30 ft.,7.0,15.0,11.0,2.0,10.0,4.0,0.125,,,,"Darkvision 60 ft.,  Passive Perception 10",--,,,,
Giant Scorpion,Large,beast,unaligned,15,52,40 ft.,15.0,13.0,15.0,1.0,9.0,3.0,3.0,,,,"Blindsight 60 ft.,  Passive Perception 9",--,,,,
Giant Sea Horse,Large,beast,unaligned,13,16,"0 ft., swim 40 ft.",12.0,15.0,11.0,2.0,12.0,5.0,0.5,,,,Passive Perception 11,--,,,,
Giant Shark,Huge,beast,unaligned,13,126,"0 ft., swim 50 ft.",23.0,11.0,21.0,1.0,10.0,5.0,5.0,,,Perception +3,"Blindsight 60 ft.,  Passive Perception 13",--,,,,
Giant Spider,Large,beast,unaligned,14,26,"30 ft., climb 30 ft.",14.0,16.0,12.0,2.0,11.0,4.0,1.0,,,Stealth +7,"Blindsight 10 ft., Darkvision 60 ft.,  Passive Perception 10",--,,,,
Giant Toad,Large,beast,unaligned,11,39,"20 ft., swim 40 ft.",15.0,13.0,13.0,2.0,10.0,3.0,1.0,,,,"Darkvision 30 ft.,  Passive Perception 10",--,,,,
Giant Vulture,Large,beast,neutral evil,10,22,"10 ft., fly 60 ft.",15.0,10.0,15.0,6.0,12.0,7.0,1.0,,,Perception +3,Passive Perception 13,Understands Common but can't speak  it,,,,
Giant Wasp,Medium,beast,unaligned,12,13,"10 ft., fly 50 ft.",10.0,14.0,10.0,1.0,10.0,3.0,0.5,,,,Passive Perception 10,--,,,,
Giant Weasel,Medium,beast,unaligned,13,9,40 ft.,11.0,16.0,10.0,4.0,12.0,5.0,0.125,,,"Perception +3, Stealth +5","Darkvision 60 ft.,  Passive Perception 13",--,,,,
Giant Wolf Spider,Medium,beast,unaligned,13,11,"40 ft., climb 40 ft.",12.0,16.0,13.0,3.0,12.0,4.0,0.25,,,"Perception +3, Stealth +7","Blindsight 10 ft., Darkvision 60 ft.,  Passive Perception 13",--,,,,
Gibbering Mouther,Medium,aberration,neutral,9,67,"10 ft., swim 10 ft.",10.0,8.0,16.0,3.0,10.0,6.0,2.0,,,,"Darkvision 60 ft.,  Passive Perception 10",--,,,,Prone
Glabrezu,Large,fiend,chaotic evil,17,157,40 ft.,20.0,15.0,21.0,19.0,17.0,16.0,9.0,"STR +9, CON +9, WIS +7, CHA +7",32.0,,"Truesight 120 ft.,  Passive Perception 13","Abyssal, Telepathy 120 ft.",,"Cold, Fire, Lightning; Bludgeoning, Piercing, and Slashing from Nonmagical Attacks",Poison,Poisoned
Gladiator,Medium,humanoid,any alignment,16,112,30 ft.,18.0,15.0,16.0,10.0,12.0,15.0,5.0,"STR +7, DEX +5, CON +6",18.0,"Athletics +10, Intimidation +5",Passive Perception 11,Any one language (usually Common),,,,
Gnoll,Medium,humanoid,chaotic evil,15,22,30 ft.,14.0,12.0,11.0,6.0,10.0,7.0,0.5,,,,"Darkvision 60 ft.,  Passive Perception 10",Gnoll,,,,
Goat,Medium,beast,unaligned,10,4,40 ft.,12.0,10.0,11.0,2.0,10.0,5.0,0.0,,,,Passive Perception 10,--,,,,
Goblin,Small,humanoid,neutral evil,15,7,30 ft.,8.0,14.0,10.0,10.0,8.0,8.0,0.25,,,Stealth +6,"Darkvision 60 ft.,  Passive Perception 9","Common, Goblin",,,,
Gold Dragon Wyrmling,Medium,dragon,lawful good,17,60,"30 ft., fly 60 ft., swim 30 ft.",19.0,14.0,17.0,14.0,11.0,16.0,3.0,"DEX +4, CON +5, WIS +2, CHA +5",16.0,"Perception +4, Stealth +4","Blindsight 10 ft., Darkvision 60 ft.,  Passive Perception 14",Draconic,,,Fire,
Gorgon,Large,monstrosity,unaligned,19,114,40 ft.,20.0,11.0,18.0,2.0,12.0,7.0,5.0,,,Perception +4,"Darkvision 60 ft.,  Passive Perception 14",--,,,,Petrified
Gray Ooze,Medium,ooze,unaligned,8,22,"10 ft., climb 10 ft.",12.0,6.0,16.0,1.0,6.0,2.0,0.5,,,Stealth +2,"Blindsight 60 ft. (blind beyond this radius),  Passive Perception 8",--,,"Acid, Cold, Fire",,"Blinded, Charmed, Deafened, Exhaustion, Frightened, Prone"
Green Dragon Wyrmling,Medium,dragon,lawful evil,17,38,"30 ft., fly 60 ft., swim 30 ft.",15.0,12.0,13.0,14.0,11.0,13.0,2.0,"DEX +3, CON +3, WIS +2, CHA +3",11.0,"Perception +4, Stealth +3","Blindsight 10 ft., Darkvision 60 ft.,  Passive Perception 14",Draconic,,,Poison,Poisoned
Green Hag,Medium,fey,neutral evil,17,82,30 ft.,18.0,12.0,16.0,13.0,14.0,14.0,3.0,,,"Arcana +3, Deception +4, Perception +4, Stealth +3","Darkvision 60 ft.,  Passive Perception 14","Common, Draconic, Sylvan",,,,
Grick,Medium,monstrosity,neutral,14,27,"30 ft., climb 30 ft.",14.0,14.0,11.0,3.0,14.0,5.0,2.0,,,,"Darkvision 60 ft.,  Passive Perception 12",--,,"Bludgeoning, Piercing, and Slashing from Nonmagical Attacks",,
Griffon,Large,monstrosity,unaligned,12,59,"30 ft., fly 80 ft.",18.0,15.0,16.0,2.0,13.0,8.0,2.0,,,Perception +5,"Darkvision 60 ft.,  Passive Perception 15",--,,,,
Grimlock,Medium,humanoid,neutral evil,11,11,30 ft.,16.0,12.0,12.0,9.0,8.0,6.0,0.25,,,"Athletics +5, Perception +3, Stealth +3","Blindsight 30 ft. (blind beyond this radius),  Passive Perception 13",Undercommon,,,,Blinded
Guard,Medium,humanoid,any alignment,16,11,30 ft.,13.0,12.0,12.0,10.0,11.0,10.0,0.125,,,Perception +2,Passive Perception 12,Any one language (usually Common),,,,
Guardian Naga,Large,monstrosity,lawful good,18,127,40 ft.,19.0,18.0,16.0,16.0,19.0,18.0,10.0,"DEX +8, CON +7, INT +7, WIS +8, CHA +8",38.0,,"Darkvision 60 ft.,  Passive Perception 14","Celestial, Common",,,Poison,"Charmed, Poisoned"
Gynosphinx,Large,monstrosity,lawful neutral,17,136,"40 ft., fly 60 ft.",18.0,15.0,16.0,18.0,18.0,18.0,11.0,,,"Arcana +12, History +12, Perception +8, Religion +8","Truesight 120 ft.,  Passive Perception 18","Common, Sphinx",,"Bludgeoning, Piercing, and Slashing from Nonmagical Attacks",Psychic,"Charmed, Frightened"
Half-Red Dragon Veteran,Medium,humanoid,any alignment,18,65,30 ft.,16.0,13.0,14.0,10.0,11.0,10.0,5.0,,,"Athletics +5, Perception +2","Blindsight 10 ft., Darkvision 60 ft.,  Passive Perception 12","Common, Draconic",,Fire,,
Harpy,Medium,monstrosity,chaotic evil,11,38,"20 ft., fly 40 ft.",12.0,13.0,12.0,7.0,10.0,13.0,1.0,,,,Passive Perception 10,Common,,,,
Hawk,Tiny,beast,unaligned,13,1,"10 ft., fly 60 ft.",5.0,16.0,8.0,2.0,14.0,6.0,0.0,,,Perception +4,Passive Perception 14,--,,,,
Hell Hound,Medium,fiend,lawful evil,15,45,50 ft.,17.0,12.0,14.0,6.0,13.0,6.0,3.0,,,Perception +5,"Darkvision 60 ft.,  Passive Perception 15",Understands Infernal but can't speak it,,,Fire,
Hezrou,Large,fiend,chaotic evil,16,136,30 ft.,19.0,17.0,20.0,5.0,12.0,13.0,8.0,"STR +7, CON +8, WIS +4",19.0,,"Darkvision 120 ft.,  Passive Perception 11","Abyssal, Telepathy 120 ft.",,"Cold, Fire, Lightning; Bludgeoning, Piercing, and Slashing from Nonmagical Attacks",Poison,Poisoned
Hill Giant,Huge,giant,chaotic evil,13,105,40 ft.,21.0,8.0,19.0,5.0,9.0,6.0,5.0,,,Perception +2,Passive Perception 12,Giant,,,,
Hippogriff,Large,monstrosity,unaligned,11,19,"40 ft., fly 60 ft.",17.0,13.0,13.0,2.0,12.0,8.0,1.0,,,Perception +5,Passive Perception 15,--,,,,
Hobgoblin,Medium,humanoid,lawful evil,18,11,30 ft.,13.0,12.0,12.0,10.0,10.0,9.0,0.5,,,,"Darkvision 60 ft.,  Passive Perception 10","Common, Goblin",,,,
Homunculus,Tiny,construct,neutral,13,5,"20 ft., fly 40 ft.",4.0,15.0,11.0,10.0,10.0,7.0,0.0,,,,"Darkvision 60 ft.,  Passive Perception 10",Understands the languages of its creator but can't speak,,,Poison,"Charmed, Poisoned"
Homunculus Servant,Tiny,construct,neutral,13,1,"20 ft., fly 40 ft.",4.0,15.0,12.0,10.0,10.0,7.0,0.0,DEX +4,4.0,"Perception +4, Stealth +4","Darkvision 60 ft.,  Passive Perception 14",understands the languages you speak,,,Poison,"Exhaustion, Poisoned"
Horned Devil,Large,fiend,lawful evil,18,178,"20 ft., fly 60 ft.",22.0,17.0,21.0,12.0,16.0,17.0,11.0,"STR +10, DEX +7, WIS +7, CHA +7",22.0,,"Darkvision 120 ft.,  Passive Perception 13","Infernal, Telepathy 120 ft.",,"Cold; Bludgeoning, Piercing, and Slashing from Nonmagical Attacks that aren't Silvered","Fire, Poison",Poisoned
Hunter Shark,Large,beast,unaligned,12,45,"0 ft., swim 40 ft.",18.0,13.0,15.0,1.0,10.0,4.0,2.0,,,Perception +2,"Blindsight 30 ft.,  Passive Perception 12",--,,,,
Hydra,Huge,monstrosity,unaligned,15,172,"30 ft., swim 30 ft.",20.0,12.0,20.0,2.0,10.0,7.0,8.0,,,Perception +6,"Darkvision 60 ft.,  Passive Perception 16",--,,,,
Hyena,Medium,beast,unaligned,11,5,50 ft.,11.0,13.0,12.0,2.0,12.0,5.0,0.0,,,Perception +3,Passive Perception 13,--,,,,
Ice Devil,Large,fiend,lawful evil,18,180,40 ft.,21.0,14.0,18.0,18.0,15.0,18.0,14.0,"DEX +7, CON +9, WIS +7, CHA +9",32.0,,"Blindsight 60 ft., Darkvision 120 ft.,  Passive Perception 12","Infernal, Telepathy 120 ft.",,"Bludgeoning, Piercing, and Slashing from Nonmagical Attacks that aren't Silvered","Cold, Fire, Poison",Poisoned
Ice Mephit,Small,elemental,neutral evil,11,21,"30 ft., fly 30 ft.",7.0,13.0,10.0,9.0,11.0,12.0,0.5,,,"Perception +2, Stealth +3","Darkvision 60 ft.,  Passive Perception 12","Aquan, Auran","Bludgeoning, Fire",,"Cold, Poison",Poisoned
Imp,Tiny,fiend,lawful evil,13,10,"20 ft., fly 40 ft.",6.0,17.0,13.0,11.0,12.0,14.0,1.0,,,"Deception +4, Insight +3, Persuasion +4, Stealth +5","Darkvision 120 ft.,  Passive Perception 11","Common, Infernal",,"Cold; Bludgeoning, Piercing, and Slashing from Nonmagical Attacks that aren't Silvered","Fire, Poison",Poisoned
Improved Steel Defender,Medium,construct,neutral,17,15,40 ft.,14.0,12.0,14.0,4.0,10.0,6.0,0.0,"DEX +3, CON +4",7.0,"Athletics +4, Perception +4","Darkvision 60 ft.,  Passive Perception 14",understands the languages you speak,,,Poison,"Charmed, Exhaustion, Poisoned"
Incubus,Medium,fiend,neutral evil,15,66,"30 ft., fly 60 ft.",8.0,17.0,13.0,15.0,12.0,20.0,4.0,,,"Deception +9, Insight +5, Perception +5, Persuasion +9, Stealth +7","Darkvision 60 ft.,  Passive Perception 15","Abyssal, Common, Infernal, Telepathy 60 ft.",,"Cold, Fire, Lightning, Poison; Bludgeoning, Piercing, and Slashing from Nonmagical Attacks",,
Invisible Stalker,Medium,elemental,neutral,14,104,"50 ft., fly 50 ft. (hover)",16.0,19.0,14.0,10.0,15.0,11.0,6.0,,,"Perception +8, Stealth +10","Darkvision 60 ft.,  Passive Perception 18",Auran  Understands Common but doesn't speak it,,"Bludgeoning, Piercing, and Slashing from Nonmagical Attacks",Poison,"Exhaustion, Grappled, Paralyzed, Petrified, Poisoned, Prone, Restrained, Unconscious"
Iron Golem,Large,construct,unaligned,20,210,30 ft.,24.0,9.0,20.0,3.0,11.0,1.0,16.0,,,,"Darkvision 120 ft.,  Passive Perception 10",Understands the languages of its creator but can't speak,,,"Fire, Poison, Psychic; Bludgeoning, Piercing, and Slashing from Nonmagical Attacks that aren't Adamantine","Charmed, Exhaustion, Frightened, Paralyzed, Petrified, Poisoned"
Jackal,Small,beast,unaligned,12,3,40 ft.,8.0,15.0,11.0,3.0,12.0,6.0,0.0,,,Perception +3,Passive Perception 13,--,,,,
Killer Whale,Huge,beast,unaligned,12,90,"0 ft., swim 60 ft.",19.0,10.0,13.0,3.0,12.0,7.0,3.0,,,Perception +3,"Blindsight 120 ft.,  Passive Perception 13",--,,,,
Knight,Medium,humanoid,any alignment,18,52,30 ft.,16.0,11.0,14.0,11.0,11.0,15.0,3.0,"CON +4, WIS +2",6.0,,Passive Perception 10,Any one language (usually Common),,,,
Kobold,Small,humanoid,lawful evil,12,5,30 ft.,7.0,15.0,9.0,8.0,7.0,8.0,0.125,,,,"Darkvision 60 ft.,  Passive Perception 8","Common, Draconic",,,,
Kraken,Gargantuan,monstrosity,chaotic evil,18,472,"20 ft., swim 60 ft.",30.0,11.0,25.0,22.0,18.0,20.0,23.0,"STR +17, DEX +7, CON +14, INT +13, WIS +11",26.0,,"Truesight 120 ft.,  Passive Perception 14","Abyssal, Celestial, Infernal, Primordial, Telepathy 120 ft. but can't speak",,,"Lightning; Bludgeoning, Piercing, and Slashing from Nonmagical Attacks","Frightened, Paralyzed"
Lamia,Large,monstrosity,chaotic evil,13,97,30 ft.,16.0,13.0,15.0,14.0,15.0,16.0,4.0,,,"Deception +7, Insight +4, Stealth +3","Darkvision 60 ft.,  Passive Perception 12","Abyssal, Common",,,,
Lemure,Medium,fiend,lawful evil,7,13,15 ft.,10.0,5.0,11.0,1.0,11.0,3.0,0.0,,,,"Darkvision 120 ft.,  Passive Perception 10",Understands Infernal but can't speak it,,Cold,"Fire, Poison","Charmed, Frightened, Poisoned"
Lich,Medium,undead,any evil alignment,17,135,30 ft.,11.0,16.0,16.0,20.0,14.0,16.0,21.0,"CON +10, INT +12, WIS +9",13.0,"Arcana +19, History +12, Insight +9, Perception +9","Truesight 120 ft.,  Passive Perception 19",Common plus up to five other languages,,"Cold, Lightning, Necrotic","Poison; Bludgeoning, Piercing, and Slashing from Nonmagical Attacks","Charmed, Exhaustion, Frightened, Paralyzed, Poisoned"
Lion,Large,beast,unaligned,12,26,50 ft.,17.0,15.0,13.0,3.0,12.0,8.0,1.0,,,"Perception +3, Stealth +6",Passive Perception 13,--,,,,
Lizard,Tiny,beast,unaligned,10,2,"20 ft., climb 20 ft.",2.0,11.0,10.0,1.0,8.0,3.0,0.0,,,,"Darkvision 30 ft.,  Passive Perception 9",--,,,,
Lizardfolk,Medium,humanoid,neutral,15,22,"30 ft., swim 30 ft.",15.0,10.0,13.0,7.0,12.0,7.0,0.5,,,"Perception +3, Stealth +2, Survival +5",Passive Perception 13,Draconic,,,,
Mage,Medium,humanoid,any alignment,12,40,30 ft.,9.0,14.0,11.0,17.0,12.0,11.0,6.0,"INT +6, WIS +4",10.0,"Arcana +6, History +6",Passive Perception 11,Any four languages,,,,
Magma Mephit,Small,elemental,neutral evil,11,22,"30 ft., fly 30 ft.",8.0,12.0,12.0,7.0,10.0,10.0,0.5,,,Stealth +3,"Darkvision 60 ft.,  Passive Perception 10","Ignan, Terran",Cold,,"Fire, Poison",Poisoned
Magmin,Small,elemental,chaotic neutral,14,9,30 ft.,7.0,15.0,12.0,8.0,11.0,10.0,0.5,,,,"Darkvision 60 ft.,  Passive Perception 10",Ignan,,"Bludgeoning, Piercing, and Slashing from Nonmagical Attacks",Fire,
Mammoth,Huge,beast,unaligned,13,126,40 ft.,24.0,9.0,21.0,3.0,11.0,6.0,6.0,,,,Passive Perception 10,--,,,,
Manticore,Large,monstrosity,lawful evil,14,68,"30 ft., fly 50 ft.",17.0,16.0,17.0,7.0,12.0,8.0,3.0,,,,"Darkvision 60 ft.,  Passive Perception 11",Common,,,,
Marilith,Large,fiend,chaotic evil,18,189,40 ft.,18.0,20.0,20.0,18.0,16.0,20.0,16.0,"STR +9, CON +10, WIS +8, CHA +10",19.0,,"Truesight 120 ft.,  Passive Perception 13","Abyssal, Telepathy 120 ft.",,"Cold, Fire, Lightning; Bludgeoning, Piercing, and Slashing from Nonmagical Attacks",Poison,Poisoned
Mastiff,Medium,beast,unaligned,12,5,40 ft.,13.0,14.0,12.0,3.0,12.0,7.0,0.125,,,Perception +3,Passive Perception 13,--,,,,
Medusa,Medium,monstrosity,lawful evil,15,127,30 ft.,10.0,15.0,16.0,12.0,13.0,15.0,6.0,,,"Deception +5, Insight +4, Perception +4, Stealth +5","Darkvision 60 ft.,  Passive Perception 14",Common,,,,
Merfolk,Medium,humanoid,neutral,11,11,"10 ft., swim 40 ft.",10.0,13.0,12.0,11.0,11.0,12.0,0.125,,,Perception +2,Passive Perception 12,"Aquan, Common",,,,
Merrow,Large,monstrosity,chaotic evil,13,45,"10 ft., swim 40 ft.",18.0,10.0,15.0,8.0,10.0,9.0,2.0,,,,"Darkvision 60 ft.,  Passive Perception 10","Abyssal, Aquan",,,,
Mimic,Medium,monstrosity,neutral,12,58,15 ft.,17.0,12.0,15.0,5.0,13.0,8.0,2.0,,,Stealth +5,"Darkvision 60 ft.,  Passive Perception 11",--,,,Acid,Prone
Minotaur,Large,monstrosity,chaotic evil,14,76,40 ft.,18.0,11.0,16.0,6.0,16.0,9.0,3.0,,,Perception +7,"Darkvision 60 ft.,  Passive Perception 17",Abyssal,,,,
Minotaur Skeleton,Large,undead,lawful evil,12,67,40 ft.,18.0,11.0,15.0,6.0,8.0,5.0,2.0,,,,"Darkvision 60 ft.,  Passive Perception 9",Understands Abyssal but can't speak  it,Bludgeoning,,Poison,"Exhaustion, Poisoned"
Mule,Medium,beast,unaligned,10,11,40 ft.,14.0,10.0,13.0,2.0,10.0,5.0,0.125,,,,Passive Perception 10,--,,,,
Mummy,Medium,undead,lawful evil,11,58,20 ft.,16.0,8.0,15.0,6.0,10.0,12.0,3.0,WIS +2,2.0,,"Darkvision 60 ft.,  Passive Perception 10",The languages it knew in life,Fire,"Bludgeoning, Piercing, and Slashing from Nonmagical Attacks","Necrotic, Poison","Charmed, Exhaustion, Frightened, Paralyzed, Poisoned"
Mummy Lord,Medium,undead,lawful evil,17,97,20 ft.,18.0,10.0,17.0,11.0,18.0,16.0,15.0,"CON +8, INT +5, WIS +9, CHA +8",30.0,"History +5, Religion +5","Darkvision 60 ft.,  Passive Perception 14",The languages it knew in life,Fire,,"Necrotic, Poison; Bludgeoning, Piercing, and Slashing from Nonmagical Attacks","Charmed, Exhaustion, Frightened, Paralyzed, Poisoned"
Nalfeshnee,Large,fiend,chaotic evil,18,184,"20 ft., fly 30 ft.",21.0,10.0,22.0,19.0,12.0,15.0,13.0,"CON +11, INT +9, WIS +6, CHA +7",24.0,,"Truesight 120 ft.,  Passive Perception 11","Abyssal, Telepathy 120 ft.",,"Cold, Fire, Lightning; Bludgeoning, Piercing, and Slashing from Nonmagical Attacks",Poison,Poisoned
Night Hag,Medium,fiend,neutral evil,17,112,30 ft.,18.0,15.0,16.0,16.0,14.0,16.0,5.0,,,"Deception +7, Insight +6, Perception +6, Stealth +6","Darkvision 120 ft.,  Passive Perception 16","Abyssal, Common, Infernal, Primordial",,"Cold, Fire; Bludgeoning, Piercing, and Slashing from Nonmagical Attacks that aren't Silvered",,Charmed
Nightmare,Large,fiend,neutral evil,13,68,"60 ft., fly 90 ft.",18.0,15.0,16.0,10.0,13.0,15.0,3.0,,,,Passive Perception 11,Common  and Infernal but can't speak,,,Fire,
Noble,Medium,humanoid,any alignment,15,9,30 ft.,11.0,12.0,11.0,12.0,14.0,16.0,0.125,,,"Deception +5, Insight +4, Persuasion +5",Passive Perception 12,Any two languages,,,,
Nothic,Medium,aberration,neutral evil,15,45,30 ft.,14.0,16.0,16.0,13.0,10.0,8.0,2.0,,,"Arcana +3, Insight +4, Perception +2, Stealth +5","Truesight 120 ft.,  Passive Perception 12",Undercommon,,,,
Ochre Jelly,Large,ooze,unaligned,8,45,"10 ft., climb 10 ft.",15.0,6.0,14.0,2.0,6.0,1.0,2.0,,,,"Blindsight 60 ft. (blind beyond this radius),  Passive Perception 8",--,,Acid,"Lightning, Slashing","Blinded, Charmed, Deafened, Exhaustion, Frightened, Prone"
Octopus,Small,beast,unaligned,12,3,"5 ft., swim 30 ft.",4.0,15.0,11.0,3.0,10.0,4.0,0.0,,,"Perception +2, Stealth +4","Darkvision 30 ft.,  Passive Perception 12",--,,,,
Ogre,Large,giant,chaotic evil,11,59,40 ft.,19.0,8.0,16.0,5.0,7.0,7.0,2.0,,,,"Darkvision 60 ft.,  Passive Perception 8","Common, Giant",,,,
Ogre Zombie,Large,undead,neutral evil,8,85,30 ft.,19.0,6.0,18.0,3.0,6.0,5.0,2.0,WIS +0,0.0,,"Darkvision 60 ft.,  Passive Perception 8",Understands Common and Giant but can't speak  them,,,Poison,Poisoned
Oni,Large,giant,lawful evil,16,110,"30 ft., fly 30 ft.",19.0,11.0,16.0,14.0,12.0,15.0,7.0,"DEX +3, CON +6, WIS +4, CHA +5",18.0,"Arcana +5, Deception +8, Perception +4","Darkvision 60 ft.,  Passive Perception 14","Common, Giant",,,,
Orc,Medium,humanoid,chaotic evil,13,15,30 ft.,16.0,12.0,16.0,7.0,11.0,10.0,0.5,,,Intimidation +2,"Darkvision 60 ft.,  Passive Perception 10","Common, Orc",,,,
Otyugh,Large,aberration,neutral,14,114,30 ft.,16.0,11.0,19.0,6.0,13.0,6.0,5.0,CON +7,7.0,,"Darkvision 120 ft.,  Passive Perception 11",Otyugh,,,,
Owl,Tiny,beast,unaligned,11,1,"5 ft., fly 60 ft.",3.0,13.0,8.0,2.0,12.0,7.0,0.0,,,"Perception +3, Stealth +3","Darkvision 120 ft.,  Passive Perception 13",--,,,,
Owlbear,Large,monstrosity,unaligned,13,59,40 ft.,20.0,12.0,17.0,3.0,12.0,7.0,3.0,,,Perception +3,"Darkvision 60 ft.,  Passive Perception 13",--,,,,
Panther,Medium,beast,unaligned,12,13,"50 ft., climb 40 ft.",14.0,15.0,10.0,3.0,14.0,7.0,0.25,,,"Perception +4, Stealth +6",Passive Perception 14,--,,,,
Pegasus,Large,celestial,chaotic good,12,59,"60 ft., fly 90 ft.",18.0,15.0,16.0,10.0,15.0,13.0,2.0,"DEX +4, WIS +4, CHA +3",11.0,Perception +6,Passive Perception 16,"Celestial, Common, Elvish  and Sylvan but can't speak",,,,
Phase Spider,Large,monstrosity,unaligned,13,32,"30 ft., climb 30 ft.",15.0,15.0,12.0,6.0,10.0,6.0,3.0,,,Stealth +6,"Darkvision 60 ft.,  Passive Perception 10",--,,,,
Pit Fiend,Large,fiend,lawful evil,19,300,"30 ft., fly 60 ft.",26.0,14.0,24.0,22.0,18.0,24.0,20.0,"DEX +8, CON +13, WIS +10",13.0,,"Truesight 120 ft.,  Passive Perception 14","Infernal, Telepathy 120 ft.",,"Cold; Bludgeoning, Piercing, and Slashing from Nonmagical Attacks that aren't Silvered","Fire, Poison",Poisoned
Planetar,Large,celestial,lawful good,19,200,"40 ft., fly 120 ft.",24.0,20.0,24.0,19.0,22.0,25.0,16.0,"CON +12, WIS +11, CHA +12",8.0,Perception +11,"Truesight 120 ft.,  Passive Perception 21","All, Telepathy 120 ft.",,"Radiant; Bludgeoning, Piercing, and Slashing from Nonmagical Attacks",,"Charmed, Exhaustion, Frightened"
Plesiosaurus,Large,beast,unaligned,13,68,"20 ft., swim 40 ft.",18.0,15.0,16.0,2.0,12.0,5.0,2.0,,,"Perception +3, Stealth +4",Passive Perception 13,--,,,,
Poisonous Snake,Tiny,beast,unaligned,13,2,"30 ft., swim 30 ft.",2.0,16.0,11.0,1.0,10.0,3.0,0.125,,,,"Blindsight 10 ft.,  Passive Perception 10",--,,,,
Polar Bear,Large,beast,unaligned,12,42,"40 ft., swim 30 ft.",20.0,10.0,16.0,2.0,13.0,7.0,2.0,,,Perception +3,Passive Perception 13,--,,,,
Pony,Medium,beast,unaligned,10,11,40 ft.,15.0,10.0,13.0,2.0,11.0,7.0,0.125,,,,Passive Perception 10,--,,,,
Priest,Medium,humanoid,any alignment,13,27,30 ft.,10.0,10.0,12.0,13.0,16.0,13.0,2.0,,,"Medicine +7, Persuasion +3, Religion +5",Passive Perception 13,Any two languages,,,,
Pseudodragon,Tiny,dragon,neutral good,13,7,"15 ft., fly 60 ft.",6.0,15.0,13.0,10.0,12.0,10.0,0.25,,,"Perception +3, Stealth +4","Blindsight 10 ft., Darkvision 60 ft.,  Passive Perception 13",Understands Common and Draconic but can't speak them,,,,
Pteranodon,Medium,beast,unaligned,13,13,"10 ft., fly 60 ft.",12.0,15.0,10.0,2.0,9.0,5.0,0.25,,,Perception +1,Passive Perception 11,--,,,,
Purple Worm,Gargantuan,monstrosity,unaligned,18,247,"50 ft., burrow 30 ft.",28.0,7.0,22.0,1.0,8.0,4.0,15.0,"CON +11, WIS +4",6.0,,"Blindsight 30 ft., Tremorsense 60 ft.,  Passive Perception 9",--,,,,
Quasit,Tiny,fiend,shapechanger),13,7,40 ft.,5.0,17.0,10.0,7.0,10.0,10.0,1.0,,,Stealth +5,"Darkvision 120 ft.,  Passive Perception 10","Abyssal, Common",,"Cold, Fire, Lightning; Bludgeoning, Piercing, and Slashing from Nonmagical Attacks",Poison,Poisoned
Quipper,Tiny,beast,unaligned,13,1,"0 ft., swim 40 ft.",2.0,16.0,9.0,1.0,7.0,2.0,0.0,,,,"Darkvision 60 ft.,  Passive Perception 8",--,,,,
Rakshasa,Medium,fiend,lawful evil,16,110,40 ft.,14.0,17.0,18.0,13.0,16.0,20.0,13.0,,,"Deception +10, Insight +8","Darkvision 60 ft.,  Passive Perception 13","Common, Infernal",Piercing from Magic Weapons Wielded by Good Creatures,,"Bludgeoning, Piercing, and Slashing from Nonmagical Attacks",
Rat,Tiny,beast,unaligned,10,1,20 ft.,2.0,11.0,9.0,2.0,10.0,4.0,0.0,,,,"Darkvision 30 ft.,  Passive Perception 10",--,,,,
Raven,Tiny,beast,unaligned,12,1,"10 ft., fly 50 ft.",2.0,14.0,8.0,2.0,12.0,6.0,0.0,,,Perception +3,Passive Perception 13,--,,,,
Red Dragon Wyrmling,Medium,dragon,chaotic evil,17,75,"30 ft., climb 30 ft., fly 60 ft.",19.0,10.0,17.0,12.0,11.0,15.0,4.0,"DEX +2, CON +5, WIS +2, CHA +4",13.0,"Perception +4, Stealth +2","Blindsight 10 ft., Darkvision 60 ft.,  Passive Perception 14",Draconic,,,Fire,
Reef Shark,Medium,beast,unaligned,12,22,"0 ft., swim 40 ft.",14.0,13.0,13.0,1.0,10.0,4.0,0.5,,,Perception +2,"Blindsight 30 ft.,  Passive Perception 12",--,,,,
Remorhaz,Huge,monstrosity,unaligned,17,195,"30 ft., burrow 20 ft.",24.0,13.0,21.0,4.0,10.0,5.0,11.0,,,,"Darkvision 60 ft., Tremorsense 60 ft.,  Passive Perception 10",--,,,"Cold, Fire",
Rhinoceros,Large,beast,unaligned,11,45,40 ft.,21.0,8.0,15.0,2.0,12.0,6.0,2.0,,,,Passive Perception 11,--,,,,
Riding Horse,Large,beast,unaligned,10,13,60 ft.,16.0,10.0,12.0,2.0,11.0,7.0,0.25,,,,Passive Perception 10,--,,,,
Roc,Gargantuan,monstrosity,unaligned,15,248,"20 ft., fly 120 ft.",28.0,10.0,20.0,3.0,10.0,9.0,11.0,"DEX +4, CON +9, WIS +4, CHA +3",20.0,Perception +4,Passive Perception 14,--,,,,
Roper,Large,monstrosity,neutral evil,20,93,"10 ft., climb 10 ft.",18.0,8.0,17.0,7.0,16.0,6.0,5.0,,,"Perception +6, Stealth +5","Darkvision 60 ft.,  Passive Perception 16",--,,,,
Rug of Smothering,Large,construct,unaligned,12,33,10 ft.,17.0,14.0,10.0,1.0,3.0,1.0,2.0,,,,"Blindsight 60 ft. (blind beyond this radius),  Passive Perception 6",--,,,"Poison, Psychic","Blinded, Charmed, Deafened, Frightened, Paralyzed, Petrified, Poisoned"
Rust Monster,Medium,monstrosity,unaligned,14,27,40 ft.,13.0,12.0,13.0,2.0,13.0,6.0,0.5,,,,"Darkvision 60 ft.,  Passive Perception 11",--,,,,
Saber-Toothed Tiger,Large,beast,unaligned,12,52,40 ft.,18.0,14.0,15.0,3.0,12.0,8.0,2.0,,,"Perception +3, Stealth +6",Passive Perception 13,--,,,,
Sahuagin,Medium,humanoid,lawful evil,12,22,"30 ft., swim 40 ft.",13.0,11.0,12.0,12.0,13.0,9.0,0.5,,,Perception +5,"Darkvision 120 ft.,  Passive Perception 15",Sahuagin,,,,
Salamander,Large,elemental,neutral evil,15,90,30 ft.,18.0,14.0,15.0,11.0,10.0,12.0,5.0,,,,"Darkvision 60 ft.,  Passive Perception 10",Ignan,Cold,"Bludgeoning, Piercing, and Slashing from Nonmagical Attacks",Fire,
Satyr,Medium,fey,chaotic neutral,14,31,40 ft.,12.0,16.0,11.0,12.0,10.0,14.0,0.5,,,"Perception +2, Performance +6, Stealth +5",Passive Perception 12,"Common, Elvish, Sylvan",,,,
Scorpion,Tiny,beast,unaligned,11,1,10 ft.,2.0,11.0,8.0,1.0,8.0,2.0,0.0,,,,"Blindsight 10 ft.,  Passive Perception 9",--,,,,
Scout,Medium,humanoid,any alignment,13,16,30 ft.,11.0,14.0,12.0,11.0,13.0,11.0,0.5,,,"Nature +4, Perception +5, Stealth +6, Survival +5",Passive Perception 15,Any one language (usually Common),,,,
Sea Hag,Medium,fey,chaotic evil,14,52,"30 ft., swim 40 ft.",16.0,13.0,16.0,12.0,12.0,13.0,2.0,,,,"Darkvision 60 ft.,  Passive Perception 11","Aquan, Common, Giant",,,,
Sea Horse,Tiny,beast,unaligned,11,1,"0 ft., swim 20 ft.",1.0,12.0,8.0,1.0,10.0,2.0,0.0,,,,Passive Perception 10,--,,,,
Shadow,Medium,undead,chaotic evil,12,16,40 ft.,6.0,14.0,13.0,6.0,10.0,8.0,0.5,,,Stealth +4,"Darkvision 60 ft.,  Passive Perception 10",--,Radiant,"Acid, Cold, Fire, Lightning, Thunder; Bludgeoning, Piercing, and Slashing from Nonmagical Attacks","Necrotic, Poison","Exhaustion, Frightened, Grappled, Paralyzed, Petrified, Poisoned, Prone, Restrained"
Shambling Mound,Large,plant,unaligned,15,136,"20 ft., swim 20 ft.",18.0,8.0,16.0,5.0,10.0,5.0,5.0,,,Stealth +2,"Blindsight 60 ft. (blind beyond this radius),  Passive Perception 10",--,,"Cold, Fire",Lightning,"Blinded, Deafened, Exhaustion"
Shield Guardian,Large,construct,unaligned,17,142,30 ft.,18.0,8.0,18.0,7.0,10.0,3.0,7.0,,,,"Blindsight 10 ft., Darkvision 60 ft.,  Passive Perception 10",Understands commands given in any language but can't speak,,,Poison,"Charmed, Exhaustion, Frightened, Paralyzed, Poisoned"
Shrieker,Medium,plant,unaligned,5,13,0 ft.,1.0,1.0,10.0,1.0,3.0,1.0,0.0,,,,"Blindsight 30 ft. (blind beyond this radius),  Passive Perception 6",--,,,,"Blinded, Deafened, Frightened"
Silver Dragon Wyrmling,Medium,dragon,lawful good,17,45,"30 ft., fly 60 ft.",19.0,10.0,17.0,12.0,11.0,15.0,2.0,"DEX +2, CON +5, WIS +2, CHA +4",13.0,"Perception +4, Stealth +2","Blindsight 10 ft., Darkvision 60 ft.,  Passive Perception 14",Draconic,,,Cold,
Skeleton,Medium,undead,lawful evil,13,13,30 ft.,10.0,14.0,15.0,6.0,8.0,5.0,0.25,,,,"Darkvision 60 ft.,  Passive Perception 9",Understands all languages it knew in life but can't speak,Bludgeoning,,Poison,"Exhaustion, Poisoned"
Solar,Large,celestial,lawful good,21,243,"50 ft., fly 150 ft.",26.0,22.0,26.0,25.0,25.0,30.0,21.0,"INT +14, WIS +14, CHA +17",18.0,Perception +14,"Truesight 120 ft.,  Passive Perception 24","All, Telepathy 120 ft.",,"Radiant; Bludgeoning, Piercing, and Slashing from Nonmagical Attacks","Necrotic, Poison","Charmed, Exhaustion, Frightened, Poisoned"
Spectator,Medium,aberration,lawful neutral,14,39,"0 ft., fly 30 ft. (hover)",8.0,14.0,14.0,13.0,14.0,11.0,3.0,,,Perception +6,"Darkvision 120 ft.,  Passive Perception 16","Deep Speech, Telepathy 120 ft., Undercommon",,,,Prone
Specter,Medium,undead,chaotic evil,12,22,"0 ft., fly 50 ft. (hover)",1.0,14.0,11.0,10.0,10.0,11.0,1.0,,,,"Darkvision 60 ft.,  Passive Perception 10",Understands all languages it knew in life but can't speak,,"Acid, Cold, Fire, Lightning, Thunder; Bludgeoning, Piercing, and Slashing from Nonmagical Attacks","Necrotic, Poison","Charmed, Exhaustion, Grappled, Paralyzed, Petrified, Poisoned, Prone, Restrained, Unconscious"
Spider,Tiny,beast,unaligned,12,1,"20 ft., climb 20 ft.",2.0,14.0,8.0,1.0,10.0,2.0,0.0,,,Stealth +4,"Darkvision 30 ft.,  Passive Perception 10",--,,,,
Spirit Naga,Large,monstrosity,chaotic evil,15,75,40 ft.,18.0,17.0,14.0,16.0,15.0,16.0,8.0,"DEX +6, CON +5, WIS +5, CHA +6",22.0,,"Darkvision 60 ft.,  Passive Perception 12","Abyssal, Common",,,Poison,"Charmed, Poisoned"
Sprite,Tiny,fey,neutral good,15,2,"10 ft., fly 40 ft.",3.0,18.0,10.0,14.0,13.0,11.0,0.25,,,"Perception +3, Stealth +8",Passive Perception 13,"Common, Elvish, Sylvan",,,,
Spy,Medium,humanoid,any alignment,12,27,30 ft.,10.0,15.0,10.0,12.0,14.0,16.0,1.0,,,"Deception +5, Insight +4, Investigation +5, Perception +6, Persuasion +5, Sleight of Hand +4, Stealth +4",Passive Perception 16,Any two languages,,,,
Steam Mephit,Small,elemental,neutral evil,10,21,"30 ft., fly 30 ft.",5.0,11.0,10.0,11.0,10.0,12.0,0.25,,,,"Darkvision 60 ft.,  Passive Perception 10","Aquan, Ignan",,,"Fire, Poison",Poisoned
Steel Defender,Medium,construct,neutral,15,15,40 ft.,14.0,12.0,14.0,4.0,10.0,6.0,0.0,"DEX +3, CON +4",7.0,"Athletics +4, Perception +4","Darkvision 60 ft.,  Passive Perception 14",understands the languages you speak,,,Poison,"Charmed, Exhaustion, Poisoned"
Stirge,Tiny,beast,unaligned,14,2,"10 ft., fly 40 ft.",4.0,16.0,11.0,2.0,8.0,6.0,0.125,,,,"Darkvision 60 ft.,  Passive Perception 9",--,,,,
Stone Giant,Huge,giant,neutral,17,126,40 ft.,23.0,15.0,20.0,10.0,12.0,9.0,7.0,"DEX +5, CON +8, WIS +4",17.0,"Athletics +12, Perception +4","Darkvision 60 ft.,  Passive Perception 14",Giant,,,,
Stone Golem,Large,construct,unaligned,17,178,30 ft.,22.0,9.0,20.0,3.0,11.0,1.0,10.0,,,,"Darkvision 120 ft.,  Passive Perception 10",Understands the languages of its creator but can't speak,,,"Poison, Psychic; Bludgeoning, Piercing, and Slashing from Nonmagical Attacks that aren't Adamantine","Charmed, Exhaustion, Frightened, Paralyzed, Petrified, Poisoned"
Storm Giant,Huge,giant,chaotic good,16,230,"50 ft., swim 50 ft.",29.0,14.0,20.0,16.0,18.0,18.0,13.0,"STR +14, CON +10, WIS +9, CHA +9",24.0,"Arcana +8, Athletics +14, History +8, Perception +9",Passive Perception 19,"Common, Giant",,Cold,"Lightning, Thunder",
Succubus,Medium,fiend,neutral evil,15,66,"30 ft., fly 60 ft.",8.0,17.0,13.0,15.0,12.0,20.0,4.0,,,"Deception +9, Insight +5, Perception +5, Persuasion +9, Stealth +7","Darkvision 60 ft.,  Passive Perception 15","Abyssal, Common, Infernal, Telepathy 60 ft.",,"Cold, Fire, Lightning, Poison; Bludgeoning, Piercing, and Slashing from Nonmagical Attacks",,
Swarm of Bats,Medium,swarm,unaligned,12,22,"0 ft., fly 30 ft.",5.0,15.0,10.0,2.0,12.0,4.0,0.25,,,,"Blindsight 60 ft.,  Passive Perception 11",--,,"Bludgeoning, Piercing, Slashing",,"Charmed, Frightened, Grappled, Paralyzed, Petrified, Prone, Restrained, Stunned"
Swarm of Insects,Medium,swarm,unaligned,12,22,"20 ft., climb 20 ft.",3.0,13.0,10.0,1.0,7.0,1.0,0.5,,,,"Blindsight 10 ft.,  Passive Perception 8",--,,"Bludgeoning, Piercing, Slashing",,"Charmed, Frightened, Grappled, Paralyzed, Petrified, Prone, Restrained, Stunned"
Swarm of Insects (Beetles),Medium,swarm,unaligned,12,22,"20 ft., climb 20 ft., burrow 5 ft.",3.0,13.0,10.0,1.0,7.0,1.0,0.5,,,,"Blindsight 10 ft.,  Passive Perception 8",--,,"Bludgeoning, Piercing, Slashing",,"Charmed, Frightened, Grappled, Paralyzed, Petrified, Prone, Restrained, Stunned"
Swarm of Insects (Centipedes),Medium,swarm,unaligned,12,22,"20 ft., climb 20 ft.",3.0,13.0,10.0,1.0,7.0,1.0,0.5,,,,"Blindsight 10 ft.,  Passive Perception 8",--,,"Bludgeoning, Piercing, Slashing",,"Charmed, Frightened, Grappled, Paralyzed, Petrified, Prone, Restrained, Stunned"
Swarm of Insects (Spiders),Medium,swarm,unaligned,12,22,"20 ft., climb 20 ft.",3.0,13.0,10.0,1.0,7.0,1.0,0.5,,,,"Blindsight 10 ft.,  Passive Perception 8",--,,"Bludgeoning, Piercing, Slashing",,"Charmed, Frightened, Grappled, Paralyzed, Petrified, Prone, Restrained, Stunned"
Swarm of Insects (Wasps),Medium,swarm,unaligned,12,22,"5 ft., fly 30 ft.",3.0,13.0,10.0,1.0,7.0,1.0,0.5,,,,"Blindsight 10 ft.,  Passive Perception 8",--,,"Bludgeoning, Piercing, Slashing",,"Charmed, Frightened, Grappled, Paralyzed, Petrified, Prone, Restrained, Stunned"
Swarm of Poisonous Snakes,Medium,swarm,unaligned,14,36,"30 ft., swim 30 ft.",8.0,18.0,11.0,1.0,10.0,3.0,2.0,,,,"Blindsight 10 ft.,  Passive Perception 10",--,,"Bludgeoning, Piercing, Slashing",,"Charmed, Frightened, Grappled, Paralyzed, Petrified, Prone, Restrained, Stunned"
Swarm of Quippers,Medium,swarm,unaligned,13,28,"0 ft., swim 40 ft.",13.0,16.0,9.0,1.0,7.0,2.0,1.0,,,,"Darkvision 60 ft.,  Passive Perception 8",--,,"Bludgeoning, Piercing, Slashing",,"Charmed, Frightened, Grappled, Paralyzed, Petrified, Prone, Restrained, Stunned"
Swarm of Rats,Medium,swarm,unaligned,10,24,30 ft.,9.0,11.0,9.0,2.0,10.0,3.0,0.25,,,,"Darkvision 30 ft.,  Passive Perception 10",--,,"Bludgeoning, Piercing, Slashing",,"Charmed, Frightened, Grappled, Paralyzed, Petrified, Prone, Restrained, Stunned"
Swarm of Ravens,Medium,swarm,unaligned,12,24,"10 ft., fly 50 ft.",6.0,14.0,8.0,3.0,12.0,6.0,0.25,,,Perception +5,Passive Perception 15,--,,"Bludgeoning, Piercing, Slashing",,"Charmed, Frightened, Grappled, Paralyzed, Petrified, Prone, Restrained, Stunned"
Tarrasque,Gargantuan,monstrosity,unaligned,25,676,40 ft.,30.0,11.0,30.0,3.0,11.0,11.0,30.0,"INT +5, WIS +9, CHA +9",23.0,,"Blindsight 120 ft.,  Passive Perception 10",--,,,"Fire, Poison; Bludgeoning, Piercing, and Slashing from Nonmagical Attacks","Charmed, Frightened, Paralyzed, Poisoned"
Thug,Medium,humanoid,any non-good alignment,11,32,30 ft.,15.0,11.0,14.0,10.0,10.0,11.0,0.5,,,Intimidation +2,Passive Perception 10,Any one language (usually Common),,,,
Tiger,Large,beast,unaligned,12,37,40 ft.,17.0,15.0,14.0,3.0,12.0,8.0,1.0,,,"Perception +3, Stealth +6","Darkvision 60 ft.,  Passive Perception 13",--,,,,
Treant,Huge,plant,chaotic good,16,138,30 ft.,23.0,8.0,21.0,12.0,16.0,12.0,9.0,,,,Passive Perception 13,"Common, Druidic, Elvish, Sylvan",Fire,"Bludgeoning, Piercing",,
Tribal Warrior,Medium,humanoid,any alignment,12,11,30 ft.,13.0,11.0,12.0,8.0,11.0,8.0,0.125,,,,Passive Perception 10,Any one language,,,,
Triceratops,Huge,beast,unaligned,13,95,50 ft.,22.0,9.0,17.0,2.0,11.0,5.0,5.0,,,,Passive Perception 10,--,,,,
Troll,Large,giant,chaotic evil,15,84,30 ft.,18.0,13.0,20.0,7.0,9.0,7.0,5.0,,,Perception +2,"Darkvision 60 ft.,  Passive Perception 12",Giant,,,,
Twig Blight,Small,plant,neutral evil,13,4,20 ft.,6.0,13.0,12.0,4.0,8.0,3.0,0.125,,,Stealth +3,"Blindsight 60 ft. (blind beyond this radius),  Passive Perception 9",Common understands but canâ€™t speak,Fire,,,"Blinded, Deafened"
Tyrannosaurus Rex,Huge,beast,unaligned,13,136,50 ft.,25.0,10.0,19.0,2.0,12.0,9.0,8.0,,,Perception +4,Passive Perception 14,--,,,,
Unicorn,Large,celestial,lawful good,12,67,50 ft.,18.0,14.0,15.0,11.0,17.0,16.0,5.0,,,,"Darkvision 60 ft.,  Passive Perception 13","Celestial, Elvish, Sylvan, Telepathy 60 ft.",,,Poison,"Charmed, Paralyzed, Poisoned"
Vampire,Medium,undead,lawful evil,16,144,30 ft.,18.0,18.0,18.0,17.0,15.0,18.0,13.0,"DEX +9, WIS +7, CHA +9",25.0,"Perception +7, Stealth +9","Darkvision 120 ft.,  Passive Perception 17",the languages it knew in life,,"Necrotic; Bludgeoning, Piercing, and Slashing from Nonmagical Attacks",,
Vampire Spawn,Medium,undead,neutral evil,15,82,30 ft.,16.0,16.0,16.0,11.0,10.0,12.0,5.0,"DEX +6, WIS +3",9.0,"Perception +3, Stealth +6","Darkvision 60 ft.,  Passive Perception 13",the languages it knew in life,,"Necrotic; Bludgeoning, Piercing, and Slashing from Nonmagical Attacks",,
Veteran,Medium,humanoid,any alignment,17,58,30 ft.,16.0,13.0,14.0,10.0,11.0,10.0,3.0,,,"Athletics +5, Perception +2",Passive Perception 12,Any one language (usually Common),,,,
Violet Fungus,Medium,plant,unaligned,5,18,5 ft.,3.0,1.0,10.0,1.0,3.0,1.0,0.25,,,,"Blindsight 30 ft. (blind beyond this radius),  Passive Perception 6",--,,,,"Blinded, Deafened, Frightened"
Vrock,Large,fiend,chaotic evil,15,104,"40 ft., fly 60 ft.",17.0,15.0,18.0,8.0,13.0,8.0,6.0,"DEX +5, WIS +4, CHA +2",11.0,,"Darkvision 120 ft.,  Passive Perception 11","Abyssal, Telepathy 120 ft.",,"Cold, Fire, Lightning; Bludgeoning, Piercing, and Slashing from Nonmagical Attacks",Poison,Poisoned
Vulture,Medium,beast,unaligned,10,5,"10 ft., fly 50 ft.",7.0,10.0,13.0,2.0,12.0,4.0,0.0,,,Perception +3,Passive Perception 13,--,,,,
Warhorse,Large,beast,unaligned,11,19,60 ft.,18.0,12.0,13.0,2.0,12.0,7.0,0.5,,,,Passive Perception 11,--,,,,
Warhorse Skeleton,Large,undead,lawful evil,13,22,60 ft.,18.0,12.0,15.0,2.0,8.0,5.0,0.5,,,,"Darkvision 60 ft.,  Passive Perception 9",--,Bludgeoning,,Poison,"Exhaustion, Poisoned"
Water Elemental,Large,elemental,neutral,14,114,"30 ft., swim 90 ft.",18.0,14.0,18.0,5.0,10.0,8.0,5.0,,,,"Darkvision 60 ft.,  Passive Perception 10",Aquan,,"Acid; Bludgeoning, Piercing, and Slashing from Nonmagical Attacks",Poison,"Exhaustion, Grappled, Paralyzed, Petrified, Poisoned, Prone, Restrained, Unconscious"
Weasel,Tiny,beast,unaligned,13,1,30 ft.,3.0,16.0,8.0,2.0,12.0,3.0,0.0,,,"Perception +3, Stealth +5",Passive Perception 13,--,,,,
Werebear,Medium,humanoid,shapechanger),10,135,"30 ft., 40 ft., climb 30 ft. in bear or hybrid form",19.0,10.0,17.0,11.0,12.0,12.0,5.0,,,Perception +7,Passive Perception 17,Common (can't speak in bear form),,,"Bludgeoning, Piercing, and Slashing from Nonmagical Attacks that aren't Silvered",
Wereboar,Medium,humanoid,shapechanger),10,78,"30 ft., 40 ft. in boar form",17.0,10.0,15.0,10.0,11.0,8.0,4.0,,,Perception +2,Passive Perception 12,Common (can't speak in boar form),,,"Bludgeoning, Piercing, and Slashing from Nonmagical Attacks that aren't Silvered",
Wererat,Medium,humanoid,shapechanger),12,33,30 ft.,10.0,15.0,12.0,11.0,10.0,8.0,2.0,,,"Perception +2, Stealth +4","Darkvision 60 ft.,  Passive Perception 12",Common (can't speak in rat form),,,"Bludgeoning, Piercing, and Slashing from Nonmagical Attacks that aren't Silvered",
Weretiger,Medium,humanoid,shapechanger),12,120,"30 ft., 40 ft. in tiger form",17.0,15.0,16.0,10.0,13.0,11.0,4.0,,,"Perception +5, Stealth +4","Darkvision 60 ft.,  Passive Perception 15",Common (can't speak in tiger form),,,"Bludgeoning, Piercing, and Slashing from Nonmagical Attacks that aren't Silvered",
Werewolf,Medium,humanoid,shapechanger),11,58,"30 ft., 40 ft. in wolf form",15.0,13.0,14.0,10.0,11.0,10.0,3.0,,,"Perception +4, Stealth +3",Passive Perception 14,Common (can't speak in wolf form),,,"Bludgeoning, Piercing, and Slashing from Nonmagical Attacks that aren't Silvered",
White Dragon Wyrmling,Medium,dragon,chaotic evil,16,32,"30 ft., burrow 15 ft., fly 60 ft., swim 30 ft.",14.0,10.0,14.0,5.0,10.0,11.0,2.0,"DEX +2, CON +4, WIS +2, CHA +2",10.0,"Perception +4, Stealth +2","Blindsight 10 ft., Darkvision 60 ft.,  Passive Perception 14",Draconic,,,Cold,
Wight,Medium,undead,neutral evil,14,45,30 ft.,15.0,14.0,16.0,10.0,13.0,15.0,3.0,,,"Perception +3, Stealth +4","Darkvision 60 ft.,  Passive Perception 13",The languages it knew in life,,"Necrotic; Bludgeoning, Piercing, and Slashing from Nonmagical Attacks that aren't Silvered",Poison,"Exhaustion, Poisoned"
Will-o'-Wisp,Tiny,undead,chaotic evil,19,22,"0 ft., fly 50 ft. (hover)",1.0,28.0,10.0,13.0,14.0,11.0,2.0,,,,"Darkvision 120 ft.,  Passive Perception 12",The languages it knew in life,,"Acid, Cold, Fire, Necrotic, Thunder; Bludgeoning, Piercing, and Slashing from Nonmagical Attacks","Lightning, Poison","Exhaustion, Grappled, Paralyzed, Poisoned, Prone, Restrained, Unconscious"
Winter Wolf,Large,monstrosity,neutral evil,13,75,50 ft.,18.0,13.0,14.0,7.0,12.0,8.0,3.0,,,"Perception +5, Stealth +3",Passive Perception 15,"Common, Giant, Winter Wolf",,,Cold,
Wolf,Medium,beast,unaligned,13,11,40 ft.,12.0,15.0,12.0,3.0,12.0,6.0,0.25,,,"Perception +3, Stealth +4",Passive Perception 13,--,,,,
Worg,Large,monstrosity,neutral evil,13,26,50 ft.,16.0,13.0,13.0,7.0,11.0,8.0,0.5,,,Perception +4,"Darkvision 60 ft.,  Passive Perception 14","Goblin, Worg",,,,
Wraith,Medium,undead,neutral evil,13,67,"0 ft., fly 60 ft. (hover)",6.0,16.0,16.0,12.0,14.0,15.0,5.0,,,,"Darkvision 60 ft.,  Passive Perception 12",The languages it knew in life,,"Acid, Cold, Fire, Lightning, Thunder; Bludgeoning, Piercing, and Slashing from Nonmagical Attacks that aren't Silvered","Necrotic, Poison","Charmed, Exhaustion, Grappled, Paralyzed, Petrified, Poisoned, Prone, Restrained"
Wyvern,Large,dragon,unaligned,13,110,"20 ft., fly 80 ft.",19.0,10.0,16.0,5.0,12.0,6.0,6.0,,,Perception +4,"Darkvision 60 ft.,  Passive Perception 14",--,,,,
Xorn,Medium,elemental,neutral,19,73,"20 ft., burrow 20 ft.",17.0,10.0,22.0,11.0,10.0,11.0,5.0,,,"Perception +6, Stealth +3","Darkvision 60 ft., Tremorsense 60 ft.,  Passive Perception 16",Terran,,Piercing and Slashing from Nonmagical Attacks that aren't Adamantine,,
Yeti,Large,monstrosity,chaotic evil,12,51,"40 ft., climb 40 ft.",18.0,13.0,16.0,8.0,12.0,7.0,3,null,null,"Perception +3, Stealth +3","Darkvision 60 ft.,  Passive Perception 13",Yeti,null,null,Cold,null
Young Black Dragon,Large,dragon,chaotic evil,18,127,"40 ft., fly 80 ft., swim 40 ft.",19.0,14.0,17.0,12.0,11.0,15.0,7,"DEX +5, CON +6, WIS +3, CHA +5",19.0,"Perception +6, Stealth +5","Blindsight 30 ft., Darkvision 120 ft.,  Passive Perception 16","Common, Draconic",null,null,Acid,null
Young Blue Dragon,Large,dragon,lawful evil,18,152,"40 ft., burrow 20 ft., fly 80 ft.",21.0,10.0,19.0,14.0,13.0,17.0,9,"DEX +4, CON +8, WIS +5, CHA +7",24.0,"Perception +9, Stealth +4","Blindsight 30 ft., Darkvision 120 ft.,  Passive Perception 19","Common, Draconic",null,null,Lightning,null
Young Brass Dragon,Large,dragon,chaotic good,17,110,"40 ft., burrow 20 ft., fly 80 ft.",19.0,10.0,17.0,12.0,11.0,15.0,6,"DEX +3, CON +6, WIS +3, CHA +5",17.0,"Perception +6, Persuasion +5, Stealth +3","Blindsight 30 ft., Darkvision 120 ft.,  Passive Perception 16","Common, Draconic",null,null,Fire,null
Young Bronze Dragon,Large,dragon,lawful good,18,142,"40 ft., fly 80 ft., swim 40 ft.",21.0,10.0,19.0,14.0,13.0,17.0,8,"DEX +3, CON +7, WIS +4, CHA +6",20.0,"Insight +4, Perception +7, Stealth +3","Blindsight 30 ft., Darkvision 120 ft.,  Passive Perception 17","Common, Draconic",null,null,Lightning,null
Young Copper Dragon,Large,dragon,chaotic good,17,119,"40 ft., climb 40 ft., fly 80 ft.",19.0,12.0,17.0,16.0,13.0,15.0,7,"DEX +4, CON +6, WIS +4, CHA +5",19.0,"Deception +5, Perception +7, Stealth +4","Blindsight 30 ft., Darkvision 120 ft.,  Passive Perception 17","Common, Draconic",null,null,Acid,null
Young Gold Dragon,Large,dragon,lawful good,18,178,"40 ft., fly 80 ft., swim 40 ft.",23.0,14.0,21.0,16.0,13.0,20.0,10,"DEX +6, CON +9, WIS +5, CHA +9",29.0,"Insight +5, Perception +9, Persuasion +9, Stealth +6","Blindsight 30 ft., Darkvision 120 ft.,  Passive Perception 19","Common, Draconic",null,null,Fire,null
Young Green Dragon,Large,dragon,lawful evil,18,136,"40 ft., fly 80 ft., swim 40 ft.",19.0,12.0,17.0,16.0,13.0,15.0,8,"DEX +4, CON +6, WIS +4, CHA +5",19.0,"Deception +5, Perception +7, Stealth +4","Blindsight 30 ft., Darkvision 120 ft.,  Passive Perception 17","Common, Draconic",null,null,Poison,Poisoned
Young Red Dragon,Large,dragon,chaotic evil,18,178,"40 ft., climb 40 ft., fly 80 ft.",23.0,10.0,21.0,14.0,11.0,19.0,10,"DEX +4, CON +9, WIS +4, CHA +8",25.0,"Perception +8, Stealth +4","Blindsight 30 ft., Darkvision 120 ft.,  Passive Perception 18","Common, Draconic",null,null,Fire,null
Young Silver Dragon,Large,dragon,lawful good,18,168,"40 ft., fly 80 ft.",23.0,10.0,21.0,14.0,11.0,19.0,9,"DEX +4, CON +9, WIS +4, CHA +8",25.0,"Arcana +6, History +6, Perception +8, Stealth +4","Blindsight 30 ft., Darkvision 120 ft.,  Passive Perception 18","Common, Draconic",null,null,Cold,null
Young White Dragon,Large,dragon,chaotic evil,17,133,"40 ft., burrow 20 ft., fly 80 ft., swim 40 ft.",18.0,10.0,18.0,6.0,11.0,12.0,6,"DEX +3, CON +7, WIS +3, CHA +4",17.0,"Perception +6, Stealth +3","Blindsight 30 ft., Darkvision 120 ft.,  Passive Perception 16","Common, Draconic",null,null,Cold,null
Zombie,Medium,undead,neutral evil,8,22,20 ft.,13.0,6.0,16.0,3.0,6.0,5.0,0.25,WIS +0,0.0,null,"Darkvision 60 ft.,  Passive Perception 8",Understands the languages of its creator but can't speak,null,null,Poison,Poisoned
